Order_ID,Order_Date,Ship_Date,Customer_ID,Product_ID,Sales,Quantity,Discount,Profit
ORD-1001,14-09-2022,16-09-2022,CUST-63,PROD-36,44507,4,0.07,3561
ORD-1002,23-03-2024,28-03-2024,CUST-129,PROD-48,5623,3,0.2,-245
ORD-1003,16-06-2023,20-06-2023,CUST-107,PROD-19,42250,8,0.19,1690
ORD-1004,02-07-2023,04-07-2023,CUST-35,PROD-22,46939,2,0.2,2346.95
ORD-1005,08-06-2024,10-06-2024,CUST-154,PROD-34,47029,9,0.17,940.58
ORD-1006,24-04-2022,26-04-2022,CUST-139,PROD-11,9346,8,0.26,1028.06
ORD-1007,28-08-2023,02-09-2023,CUST-122,PROD-24,15782,3,0.15,0
ORD-1008,06-05-2023,09-05-2023,CUST-129,PROD-34,21254,8,0.26,2337.94
ORD-1009,10-10-2023,15-10-2023,CUST-156,PROD-6,1336,10,0.03,160.32
ORD-1010,02-04-2024,06-04-2024,CUST-178,PROD-5,9472,8,0.28,1231.36
ORD-1011,19-08-2022,23-08-2022,CUST-99,PROD-31,715,2,0.09,2242.9
ORD-1012,02-05-2024,05-05-2024,CUST-186,PROD-1,1155,7,0.13,-23.1
ORD-1013,21-04-2022,23-04-2022,CUST-117,PROD-6,37304,10,0.1,1865.2
ORD-1014,06-02-2023,10-02-2023,CUST-129,PROD-6,22709,2,0.07,1816.72
ORD-1015,01-03-2023,06-03-2023,CUST-153,PROD-31,49669,8,0.12,1490.07
ORD-1016,12-07-2022,16-07-2022,CUST-170,PROD-24,27476,8,0.02,3571.88
ORD-1017,04-11-2022,08-11-2022,CUST-165,PROD-37,7948,5,0.19,317.92
ORD-1018,20-08-2022,22-08-2022,CUST-85,PROD-15,21253,5,0.21,1275.18
ORD-1019,31-12-2024,02-01-2025,CUST-86,PROD-18,48259,10,0.06,4343.31
ORD-1020,11-03-2024,13-03-2024,CUST-128,PROD-21,15963,10,0.1,798.15
ORD-1021,06-08-2024,11-08-2024,CUST-196,PROD-18,47964,2,0.3,7194.6
ORD-1022,09-10-2024,11-10-2024,CUST-161,PROD-10,49272,10,0.29,6898.08
ORD-1023,28-11-2024,03-12-2024,CUST-38,PROD-37,48909,8,0.16,489.09
ORD-1024,28-09-2023,03-10-2023,CUST-184,PROD-36,27466,1,0.21,1647.96
ORD-1025,10-09-2023,13-09-2023,CUST-18,PROD-47,5310,1,0.12,-159.3
ORD-1026,14-09-2022,18-09-2022,CUST-113,PROD-21,1954,6,0.15,0
ORD-1027,19-06-2023,22-06-2023,CUST-79,PROD-26,2498,5,0.05,249.8
ORD-1028,27-09-2023,01-10-2023,CUST-139,PROD-37,26789,10,0.04,2946.79
ORD-1029,29-12-2023,02-01-2024,CUST-122,PROD-4,43011,8,0.05,4301.1
ORD-1030,28-08-2022,31-08-2022,CUST-142,PROD-8,17260,5,0.27,2071.2
ORD-1031,08-07-2024,11-07-2024,CUST-20,PROD-31,40801,5,0.13,816.02
ORD-1032,14-04-2023,18-04-2023,CUST-113,PROD-35,35443,1,0.09,2126.58
ORD-1033,25-12-2023,30-12-2023,CUST-161,PROD-39,907,4,0.15,0
ORD-1034,10-01-2023,12-01-2023,CUST-66,PROD-47,23710,10,0.29,3319.4
ORD-1035,23-09-2024,25-09-2024,CUST-69,PROD-32,32151,4,0.03,3858.12
ORD-1036,29-04-2024,02-05-2024,CUST-132,PROD-42,35177,7,0.19,1407.08
ORD-1037,19-04-2024,24-04-2024,CUST-126,PROD-19,1238,2,0.01,173.32
ORD-1038,28-02-2024,03-03-2024,CUST-57,PROD-36,30511,8,0.19,1220.44
ORD-1039,29-09-2024,03-10-2024,CUST-96,PROD-26,37327,6,0.09,2239.62
ORD-1040,21-12-2024,25-12-2024,CUST-1,PROD-16,20865,3,0.12,625.95
ORD-1041,25-07-2023,27-07-2023,CUST-82,PROD-32,9804,1,0.16,-98.04
ORD-1042,25-12-2022,28-12-2022,CUST-46,PROD-13,10361,9,0.08,725.27
ORD-1043,11-04-2022,14-04-2022,CUST-186,PROD-39,15970,4,0.21,958.2
ORD-1044,09-07-2023,14-07-2023,CUST-131,PROD-17,47348,4,0.24,4261.32
ORD-1045,06-05-2024,11-05-2024,CUST-52,PROD-38,3098,3,0.29,433.72
ORD-1046,16-08-2023,19-08-2023,CUST-175,PROD-3,46054,5,0.01,6447.56
ORD-1047,15-04-2022,18-04-2022,CUST-126,PROD-45,36211,5,0.28,4707.43
ORD-1048,19-12-2022,23-12-2022,CUST-95,PROD-28,26680,10,0.04,2934.8
ORD-1049,08-10-2024,12-10-2024,CUST-49,PROD-9,13202,7,0.01,1848.28
ORD-1050,28-05-2022,31-05-2022,CUST-188,PROD-49,23170,4,0.21,1390.2
ORD-1051,25-10-2023,30-10-2023,CUST-98,PROD-10,40435,2,0,6065.25
ORD-1052,14-05-2022,17-05-2022,CUST-156,PROD-6,16085,5,0.29,2251.9
ORD-1053,18-07-2023,23-07-2023,CUST-127,PROD-13,40387,6,0.15,0
ORD-1054,14-01-2024,19-01-2024,CUST-187,PROD-29,19993,4,0.01,2799.02
ORD-1055,05-03-2022,07-03-2022,CUST-108,PROD-42,6239,5,0.01,873.46
ORD-1056,30-12-2024,02-01-2025,CUST-17,PROD-31,8765,2,0.07,-701.2
ORD-1057,25-02-2024,28-02-2024,CUST-20,PROD-22,27271,5,0.07,2181.68
ORD-1058,17-03-2023,22-03-2023,CUST-135,PROD-35,37778,3,0.12,1133.34
ORD-1059,31-10-2022,02-11-2022,CUST-200,PROD-32,46417,7,0.15,0
ORD-1060,16-01-2022,19-01-2022,CUST-192,PROD-31,24584,8,0.24,2212.56
ORD-1061,30-12-2023,02-01-2024,CUST-127,PROD-16,27155,5,0.08,1900.85
ORD-1062,27-01-2022,30-01-2022,CUST-73,PROD-36,41643,6,0.01,5830.02
ORD-1063,08-12-2023,10-12-2023,CUST-78,PROD-20,17513,1,0.28,2276.69
ORD-1064,16-07-2022,20-07-2022,CUST-26,PROD-41,1476,9,0.11,-59.04
ORD-1065,14-09-2024,18-09-2024,CUST-66,PROD-45,44791,3,0.12,1343.73
ORD-1066,23-02-2024,26-02-2024,CUST-132,PROD-4,22264,2,0.21,1335.84
ORD-1067,11-11-2023,14-11-2023,CUST-64,PROD-2,14087,4,0.22,986.09
ORD-1068,27-08-2022,31-08-2022,CUST-95,PROD-26,3618,4,0.11,-123
ORD-1069,01-12-2022,03-12-2022,CUST-17,PROD-32,49589,2,0.03,5950.68
ORD-1070,23-07-2022,27-07-2022,CUST-93,PROD-39,37438,10,0.05,3743.8
ORD-1071,01-12-2024,03-12-2024,CUST-105,PROD-49,36382,5,0.17,727.64
ORD-1072,08-11-2024,11-11-2024,CUST-81,PROD-9,36614,3,0.23,2929.12
ORD-1073,25-02-2023,01-03-2023,CUST-109,PROD-10,49855,3,0.21,2991.3
ORD-1074,31-03-2024,03-04-2024,CUST-48,PROD-32,6052,3,0.23,484.16
ORD-1075,17-03-2022,21-03-2022,CUST-41,PROD-40,20573,10,0.1,1028.65
ORD-1076,31-12-2024,03-01-2025,CUST-39,PROD-23,5062,5,0.22,354.34
ORD-1077,13-12-2024,17-12-2024,CUST-106,PROD-23,1847,8,0.26,203.17
ORD-1078,29-04-2024,01-05-2024,CUST-45,PROD-5,47684,1,0.23,3814.72
ORD-1079,29-01-2024,03-02-2024,CUST-71,PROD-44,49886,9,0.01,6984.04
ORD-1080,01-10-2024,03-10-2024,CUST-97,PROD-10,21106,10,0.13,422.12
ORD-1081,06-12-2022,11-12-2022,CUST-105,PROD-27,39113,8,0.15,0
ORD-1082,03-01-2024,08-01-2024,CUST-13,PROD-26,47736,8,0.07,3818.88
ORD-1083,08-12-2023,11-12-2023,CUST-61,PROD-32,19341,10,0.05,1934.1
ORD-1084,28-01-2022,01-02-2022,CUST-45,PROD-37,8699,10,0.29,1217.86
ORD-1085,18-08-2023,22-08-2023,CUST-194,PROD-40,42830,4,0.29,5996.2
ORD-1086,17-03-2022,19-03-2022,CUST-174,PROD-46,13648,8,0.25,1364.8
ORD-1087,21-02-2023,26-02-2023,CUST-91,PROD-7,34710,10,0.27,4165.2
ORD-1088,10-09-2023,12-09-2023,CUST-41,PROD-47,8552,9,0.19,342.08
ORD-1089,23-03-2023,25-03-2023,CUST-96,PROD-37,878,5,0.17,17.56
ORD-1090,19-10-2024,23-10-2024,CUST-181,PROD-26,30652,4,0.05,3065.2
ORD-1091,05-11-2022,07-11-2022,CUST-167,PROD-7,49218,10,0.12,1476.54
ORD-1092,07-11-2022,11-11-2022,CUST-41,PROD-50,37496,5,0.29,5249.44
ORD-1093,26-07-2022,30-07-2022,CUST-199,PROD-21,41319,3,0.13,826.38
ORD-1094,16-07-2024,19-07-2024,CUST-10,PROD-24,39645,4,0.1,1982.25
ORD-1095,12-08-2023,15-08-2023,CUST-69,PROD-15,26447,1,0.02,3438.11
ORD-1096,16-08-2023,20-08-2023,CUST-72,PROD-7,35459,2,0.28,4609.67
ORD-1097,14-03-2023,17-03-2023,CUST-192,PROD-38,11654,5,0.09,699.24
ORD-1098,21-02-2022,26-02-2022,CUST-141,PROD-48,21723,6,0.21,1303.38
ORD-1099,05-04-2022,07-04-2022,CUST-91,PROD-48,19339,4,0.1,966.95
ORD-1100,09-10-2023,11-10-2023,CUST-84,PROD-2,12530,10,0.15,0
ORD-1101,22-03-2023,24-03-2023,CUST-119,PROD-26,48071,5,0.15,0
ORD-1102,22-01-2023,27-01-2023,CUST-100,PROD-20,5729,9,0.17,-114.58
ORD-1103,07-09-2022,09-09-2022,CUST-102,PROD-14,28409,9,0.27,3409.08
ORD-1104,14-12-2022,18-12-2022,CUST-47,PROD-32,29752,7,0.14,297.52
ORD-1105,27-01-2022,29-01-2022,CUST-31,PROD-45,38235,3,0.23,3058.8
ORD-1106,07-12-2024,11-12-2024,CUST-163,PROD-35,18498,1,0.28,2404.74
ORD-1107,20-05-2023,22-05-2023,CUST-93,PROD-24,32498,2,0.29,4549.72
ORD-1108,18-11-2023,20-11-2023,CUST-31,PROD-41,12521,3,0.07,1001.68
ORD-1109,06-07-2023,08-07-2023,CUST-161,PROD-3,20689,8,0.03,2482.68
ORD-1110,17-07-2022,21-07-2022,CUST-147,PROD-19,21571,10,0.27,2588.52
ORD-1111,13-06-2024,17-06-2024,CUST-160,PROD-7,17558,6,0.13,-351.16
ORD-1112,13-01-2023,17-01-2023,CUST-133,PROD-9,17434,7,0.21,1046.04
ORD-1113,16-12-2024,21-12-2024,CUST-117,PROD-44,8430,8,0.3,1264.5
ORD-1114,27-08-2022,31-08-2022,CUST-190,PROD-25,18517,8,0.01,2592.38
ORD-1115,04-09-2024,08-09-2024,CUST-121,PROD-29,9018,2,0.3,1352.7
ORD-1116,03-07-2024,06-07-2024,CUST-80,PROD-37,15153,9,0.04,1666.83
ORD-1117,23-11-2024,26-11-2024,CUST-116,PROD-14,46650,2,0.11,1866
ORD-1118,02-03-2022,04-03-2022,CUST-127,PROD-2,9121,4,0.25,912.1
ORD-1119,03-07-2024,07-07-2024,CUST-145,PROD-2,12639,7,0.05,1263.9
ORD-1120,14-08-2023,18-08-2023,CUST-149,PROD-3,18060,7,0.21,1083.6
ORD-1121,07-03-2023,09-03-2023,CUST-89,PROD-48,6931,1,0.22,485.17
ORD-1122,23-09-2022,27-09-2022,CUST-126,PROD-21,35434,5,0.21,2126.04
ORD-1123,23-08-2024,25-08-2024,CUST-188,PROD-49,11692,3,0.29,1636.88
ORD-1124,30-03-2024,01-04-2024,CUST-184,PROD-10,29575,3,0.18,887.25
ORD-1125,26-05-2024,28-05-2024,CUST-82,PROD-22,15259,5,0,2288.85
ORD-1126,30-07-2023,01-08-2023,CUST-179,PROD-46,29912,5,0.27,3589.44
ORD-1127,06-02-2024,09-02-2024,CUST-128,PROD-1,6175,1,0.15,0
ORD-1128,10-01-2023,15-01-2023,CUST-130,PROD-9,45776,2,0.04,5035.36
ORD-1129,05-11-2024,08-11-2024,CUST-44,PROD-32,40750,2,0.03,4890
ORD-1130,05-07-2023,10-07-2023,CUST-147,PROD-43,23050,2,0.2,1152.5
ORD-1131,27-11-2022,02-12-2022,CUST-26,PROD-36,26778,4,0.22,1874.46
ORD-1132,21-09-2023,25-09-2023,CUST-126,PROD-29,31116,10,0.12,933.48
ORD-1133,28-12-2022,31-12-2022,CUST-57,PROD-33,26011,1,0.23,2080.88
ORD-1134,09-08-2024,13-08-2024,CUST-24,PROD-4,40834,8,0.25,4083.4
ORD-1135,05-11-2024,07-11-2024,CUST-186,PROD-10,33030,8,0.22,2312.1
ORD-1136,03-12-2023,07-12-2023,CUST-125,PROD-41,5423,3,0.11,216.92
ORD-1137,13-03-2022,15-03-2022,CUST-112,PROD-38,31443,7,0.17,628.86
ORD-1138,22-10-2024,24-10-2024,CUST-148,PROD-34,15535,3,0.04,1708.85
ORD-1139,11-09-2023,14-09-2023,CUST-72,PROD-47,10929,2,0.03,1311.48
ORD-1140,15-08-2024,17-08-2024,CUST-82,PROD-9,37115,2,0.07,2969.2
ORD-1141,06-10-2022,10-10-2022,CUST-38,PROD-43,21944,3,0.11,877.76
ORD-1142,07-05-2022,11-05-2022,CUST-108,PROD-18,24692,5,0.17,493.84
ORD-1143,27-05-2024,30-05-2024,CUST-24,PROD-26,28654,3,0.14,286.54
ORD-1144,23-01-2023,25-01-2023,CUST-74,PROD-23,34807,6,0.12,1044.21
ORD-1145,13-09-2022,18-09-2022,CUST-122,PROD-42,36433,7,0.24,3278.97
ORD-1146,20-06-2023,23-06-2023,CUST-6,PROD-25,20259,5,0.17,-405.18
ORD-1147,20-04-2024,24-04-2024,CUST-104,PROD-8,38411,1,0.09,2304.66
ORD-1148,13-04-2024,17-04-2024,CUST-164,PROD-29,31643,9,0.12,949.29
ORD-1149,01-10-2022,06-10-2022,CUST-19,PROD-25,46190,7,0.12,1385.7
ORD-1150,10-06-2022,12-06-2022,CUST-6,PROD-44,17256,5,0.21,1035.36
ORD-1151,25-11-2024,30-11-2024,CUST-6,PROD-34,20512,9,0.12,615.36
ORD-1152,19-04-2022,24-04-2022,CUST-156,PROD-26,16710,7,0.07,1336.8
ORD-1153,15-03-2022,19-03-2022,CUST-25,PROD-7,10695,1,0.03,1283.4
ORD-1154,07-06-2024,10-06-2024,CUST-162,PROD-21,6200,4,0.23,-496
ORD-1155,15-03-2024,17-03-2024,CUST-160,PROD-27,37120,7,0.03,4454.4
ORD-1156,05-05-2024,07-05-2024,CUST-5,PROD-7,16346,7,0.25,1634.6
ORD-1157,13-07-2024,18-07-2024,CUST-138,PROD-19,34614,5,0.3,5192.1
ORD-1158,05-02-2023,07-02-2023,CUST-11,PROD-33,45196,5,0.29,6327.44
ORD-1159,21-09-2022,25-09-2022,CUST-107,PROD-25,9680,3,0.21,580.8
ORD-1160,26-07-2024,29-07-2024,CUST-184,PROD-30,6959,7,0.15,0
ORD-1161,19-12-2022,21-12-2022,CUST-40,PROD-12,42550,8,0.26,4680.5
ORD-1162,21-11-2024,24-11-2024,CUST-180,PROD-44,36950,10,0,5542.5
ORD-1163,15-04-2023,19-04-2023,CUST-148,PROD-20,19664,1,0.23,1573.12
ORD-1164,12-12-2024,15-12-2024,CUST-143,PROD-43,11903,9,0.09,714.18
ORD-1165,16-11-2024,18-11-2024,CUST-190,PROD-46,40026,5,0.05,4002.6
ORD-1166,06-08-2022,11-08-2022,CUST-46,PROD-48,20247,5,0.02,2632.11
ORD-1167,17-02-2024,22-02-2024,CUST-48,PROD-3,47022,8,0.04,5172.42
ORD-1168,30-12-2024,03-01-2025,CUST-56,PROD-11,6672,4,0.15,0
ORD-1169,08-01-2022,11-01-2022,CUST-48,PROD-35,42690,3,0.04,4695.9
ORD-1170,22-06-2024,27-06-2024,CUST-114,PROD-39,49605,9,0.01,6944.7
ORD-1171,04-05-2023,09-05-2023,CUST-22,PROD-15,9858,5,0.08,690.06
ORD-1172,08-02-2023,10-02-2023,CUST-20,PROD-46,36712,3,0.06,3304.08
ORD-1173,09-12-2024,13-12-2024,CUST-48,PROD-40,12795,5,0.08,895.65
ORD-1174,10-04-2023,14-04-2023,CUST-87,PROD-38,3635,7,0.13,-72.7
ORD-1175,11-04-2024,16-04-2024,CUST-84,PROD-45,49301,6,0.03,5916.12
ORD-1176,05-05-2022,09-05-2022,CUST-74,PROD-4,30965,1,0.25,3096.5
ORD-1177,26-12-2024,29-12-2024,CUST-105,PROD-36,25438,1,0.18,763.14
ORD-1178,06-05-2023,11-05-2023,CUST-90,PROD-41,47198,5,0.21,2831.88
ORD-1179,14-05-2023,18-05-2023,CUST-159,PROD-48,44507,4,0.28,5785.91
ORD-1180,08-11-2023,11-11-2023,CUST-60,PROD-16,45399,9,0.26,4993.89
ORD-1181,05-01-2023,07-01-2023,CUST-96,PROD-5,46135,2,0.15,0
ORD-1182,19-03-2022,24-03-2022,CUST-46,PROD-45,9609,1,0.19,384.36
ORD-1183,17-06-2024,22-06-2024,CUST-80,PROD-27,48350,4,0.16,483.5
ORD-1184,22-06-2024,27-06-2024,CUST-120,PROD-33,16158,10,0.1,807.9
ORD-1185,28-02-2023,05-03-2023,CUST-33,PROD-41,29211,3,0.04,3213.21
ORD-1186,12-04-2023,14-04-2023,CUST-78,PROD-31,23483,7,0.29,3287.62
ORD-1187,27-04-2022,30-04-2022,CUST-40,PROD-15,48707,9,0.14,487.07
ORD-1188,04-06-2024,07-06-2024,CUST-172,PROD-38,33423,10,0.25,3342.3
ORD-1189,31-05-2023,03-06-2023,CUST-148,PROD-17,6838,10,0.08,478.66
ORD-1190,17-02-2023,19-02-2023,CUST-138,PROD-42,4648,1,0.1,-232.4
ORD-1191,09-08-2022,12-08-2022,CUST-3,PROD-46,33984,1,0.16,339.84
ORD-1192,29-01-2022,01-02-2022,CUST-175,PROD-28,29888,2,0.2,1494.4
ORD-1193,05-12-2024,10-12-2024,CUST-41,PROD-25,42171,1,0.15,0
ORD-1194,26-09-2022,30-09-2022,CUST-118,PROD-7,5508,10,0.19,220.32
ORD-1195,23-12-2024,25-12-2024,CUST-4,PROD-7,48710,1,0.1,2435.5
ORD-1196,24-10-2023,28-10-2023,CUST-5,PROD-45,43625,7,0.09,2617.5
ORD-1197,05-03-2024,07-03-2024,CUST-199,PROD-26,33186,10,0.08,2323.02
ORD-1198,22-03-2023,27-03-2023,CUST-101,PROD-48,49373,10,0.11,1974.92
ORD-1199,04-09-2024,09-09-2024,CUST-47,PROD-14,12251,3,0.08,857.57
ORD-1200,30-08-2022,04-09-2022,CUST-188,PROD-13,40000,6,0.03,4800
ORD-1201,29-01-2023,01-02-2023,CUST-36,PROD-9,23916,9,0.13,478.32
ORD-1202,15-08-2023,18-08-2023,CUST-114,PROD-40,28077,4,0.11,1123.08
ORD-1203,01-03-2023,04-03-2023,CUST-106,PROD-44,21371,8,0.02,2778.23
ORD-1204,02-09-2024,07-09-2024,CUST-164,PROD-42,35876,6,0.07,2870.08
ORD-1205,13-12-2024,17-12-2024,CUST-111,PROD-19,40501,5,0.09,2430.06
ORD-1206,15-11-2024,20-11-2024,CUST-163,PROD-23,20576,7,0.08,1440.32
ORD-1207,30-09-2024,02-10-2024,CUST-52,PROD-43,5779,3,0,866.85
ORD-1208,27-11-2023,30-11-2023,CUST-72,PROD-17,41174,10,0.19,1646.96
ORD-1209,07-04-2023,10-04-2023,CUST-161,PROD-32,28470,2,0.25,2847
ORD-1210,19-07-2022,24-07-2022,CUST-196,PROD-44,6574,3,0.15,0
ORD-1211,07-09-2023,11-09-2023,CUST-160,PROD-10,49049,9,0.11,1961.96
ORD-1212,26-03-2022,30-03-2022,CUST-22,PROD-26,24974,10,0.24,2247.66
ORD-1213,22-02-2023,24-02-2023,CUST-49,PROD-37,3652,5,0.05,-365.2
ORD-1214,29-01-2024,01-02-2024,CUST-134,PROD-10,49349,9,0.09,2960.94
ORD-1215,16-07-2022,21-07-2022,CUST-41,PROD-18,44264,3,0.06,3983.76
ORD-1216,10-09-2023,14-09-2023,CUST-98,PROD-19,47402,8,0.17,948.04
ORD-1217,15-03-2024,18-03-2024,CUST-125,PROD-12,37580,8,0.16,-375.8
ORD-1218,23-03-2024,25-03-2024,CUST-41,PROD-37,37385,6,0.26,4112.35
ORD-1219,18-07-2022,21-07-2022,CUST-90,PROD-12,19377,3,0.16,193.77
ORD-1220,17-06-2024,19-06-2024,CUST-48,PROD-41,33913,10,0.13,678.26
ORD-1221,20-10-2023,23-10-2023,CUST-42,PROD-28,3779,8,0.08,264.53
ORD-1222,30-09-2023,02-10-2023,CUST-66,PROD-2,44469,7,0.15,0
ORD-1223,24-06-2023,29-06-2023,CUST-178,PROD-30,3939,4,0,590.85
ORD-1224,25-12-2022,29-12-2022,CUST-88,PROD-4,20406,6,0.08,1428.42
ORD-1225,15-02-2023,17-02-2023,CUST-3,PROD-40,2194,7,0.16,-21.94
ORD-1226,28-10-2023,02-11-2023,CUST-12,PROD-6,41090,3,0.26,4519.9
ORD-1227,23-06-2023,28-06-2023,CUST-105,PROD-50,5719,5,0.1,285.95
ORD-1228,15-01-2023,19-01-2023,CUST-27,PROD-29,13386,10,0.09,803.16
ORD-1229,07-10-2024,11-10-2024,CUST-76,PROD-7,26557,7,0.25,2655.7
ORD-1230,28-09-2022,02-10-2022,CUST-200,PROD-45,23943,5,0.03,2873.16
ORD-1231,21-01-2023,24-01-2023,CUST-141,PROD-8,41119,6,0.08,2878.33
ORD-1232,11-09-2023,15-09-2023,CUST-67,PROD-2,5327,6,0.23,426.16
ORD-1233,20-08-2022,25-08-2022,CUST-79,PROD-12,35832,2,0.25,3583.2
ORD-1234,13-08-2022,18-08-2022,CUST-188,PROD-36,26820,5,0.17,536.4
ORD-1235,20-05-2024,22-05-2024,CUST-134,PROD-12,30949,8,0.25,3094.9
ORD-1236,06-11-2022,11-11-2022,CUST-101,PROD-5,23308,2,0.28,3030.04
ORD-1237,31-03-2024,03-04-2024,CUST-39,PROD-35,40607,1,0.02,5278.91
ORD-1238,01-05-2022,03-05-2022,CUST-148,PROD-18,30006,8,0.21,1800.36
ORD-1239,09-07-2024,13-07-2024,CUST-54,PROD-21,14776,6,0.26,1625.36
ORD-1240,15-02-2022,17-02-2022,CUST-144,PROD-42,7091,2,0.25,-709.1
ORD-1241,03-08-2022,08-08-2022,CUST-105,PROD-37,24863,5,0.28,3232.19
ORD-1242,30-03-2023,04-04-2023,CUST-3,PROD-29,33105,10,0.19,1324.2
ORD-1243,18-03-2023,23-03-2023,CUST-125,PROD-21,14115,8,0.2,705.75
ORD-1244,20-12-2024,24-12-2024,CUST-155,PROD-6,28544,5,0.08,1998.08
ORD-1245,14-09-2024,16-09-2024,CUST-133,PROD-49,11732,5,0.24,1055.88
ORD-1246,06-04-2024,09-04-2024,CUST-34,PROD-16,45841,1,0.29,6417.74
ORD-1247,04-07-2022,09-07-2022,CUST-41,PROD-15,41276,10,0.18,1238.28
ORD-1248,21-04-2024,26-04-2024,CUST-166,PROD-6,34976,8,0.3,5246.4
ORD-1249,28-04-2023,02-05-2023,CUST-66,PROD-11,26509,9,0.09,1590.54
ORD-1250,15-06-2022,18-06-2022,CUST-35,PROD-8,3628,4,0.02,471.64
ORD-1251,04-01-2024,07-01-2024,CUST-196,PROD-15,40052,6,0.06,3604.68
ORD-1252,10-05-2024,14-05-2024,CUST-120,PROD-3,21683,3,0.13,433.66
ORD-1253,26-06-2024,28-06-2024,CUST-45,PROD-20,29978,9,0.26,3297.58
ORD-1254,20-04-2022,22-04-2022,CUST-58,PROD-37,36535,10,0.2,1826.75
ORD-1255,29-08-2024,02-09-2024,CUST-137,PROD-45,4972,2,0.09,298.32
ORD-1256,27-03-2024,30-03-2024,CUST-100,PROD-34,33679,1,0.26,3704.69
ORD-1257,20-06-2023,22-06-2023,CUST-88,PROD-27,11714,2,0.03,1405.68
ORD-1258,19-06-2024,22-06-2024,CUST-35,PROD-8,37190,3,0.18,1115.7
ORD-1259,04-01-2023,09-01-2023,CUST-124,PROD-32,22574,2,0.03,2708.88
ORD-1260,10-03-2023,15-03-2023,CUST-200,PROD-38,24801,10,0.21,1488.06
ORD-1261,06-05-2023,09-05-2023,CUST-105,PROD-1,21429,3,0.21,1285.74
ORD-1262,15-06-2024,17-06-2024,CUST-169,PROD-49,21403,8,0.12,642.09
ORD-1263,01-01-2022,04-01-2022,CUST-68,PROD-33,2305,4,0.01,322.7
ORD-1264,26-05-2024,29-05-2024,CUST-197,PROD-10,45976,9,0.2,2298.8
ORD-1265,14-03-2024,16-03-2024,CUST-141,PROD-34,620,1,0.09,-37.2
ORD-1266,10-11-2024,15-11-2024,CUST-48,PROD-42,2755,3,0.17,-55.1
ORD-1267,11-07-2022,15-07-2022,CUST-30,PROD-40,5639,3,0.1,281.95
ORD-1268,19-05-2022,22-05-2022,CUST-119,PROD-9,44649,7,0.3,6697.35
ORD-1269,24-04-2023,29-04-2023,CUST-187,PROD-35,31722,1,0,4758.3
ORD-1270,22-03-2023,26-03-2023,CUST-122,PROD-9,15712,2,0.03,1885.44
ORD-1271,17-10-2023,22-10-2023,CUST-86,PROD-19,43762,5,0.21,2625.72
ORD-1272,31-07-2023,02-08-2023,CUST-20,PROD-42,24937,10,0.12,748.11
ORD-1273,24-05-2022,29-05-2022,CUST-50,PROD-29,48812,3,0.21,2928.72
ORD-1274,02-02-2024,04-02-2024,CUST-70,PROD-26,35609,8,0.13,712.18
ORD-1275,12-11-2023,17-11-2023,CUST-142,PROD-15,43199,7,0.03,5183.88
ORD-1276,10-05-2022,13-05-2022,CUST-100,PROD-5,27913,8,0.27,3349.56
ORD-1277,14-11-2023,19-11-2023,CUST-141,PROD-29,39233,7,0.05,3923.3
ORD-1278,17-02-2023,22-02-2023,CUST-67,PROD-40,19727,9,0.23,1578.16
ORD-1279,13-03-2024,18-03-2024,CUST-184,PROD-3,11131,1,0.06,1001.79
ORD-1280,20-03-2024,25-03-2024,CUST-177,PROD-43,9230,9,0.12,276.9
ORD-1281,26-10-2024,31-10-2024,CUST-32,PROD-17,2190,9,0.08,-153.3
ORD-1282,22-07-2022,25-07-2022,CUST-158,PROD-13,8359,1,0.02,1086.67
ORD-1283,21-08-2023,26-08-2023,CUST-187,PROD-36,41322,6,0.29,5785.08
ORD-1284,24-08-2023,27-08-2023,CUST-154,PROD-48,25721,2,0.26,2829.31
ORD-1285,11-03-2024,15-03-2024,CUST-69,PROD-18,14273,6,0.24,1284.57
ORD-1286,13-06-2024,17-06-2024,CUST-28,PROD-4,37319,7,0.14,373.19
ORD-1287,30-10-2024,04-11-2024,CUST-160,PROD-11,21753,8,0.21,1305.18
ORD-1288,14-02-2023,18-02-2023,CUST-174,PROD-34,3412,8,0.01,477.68
ORD-1289,16-10-2022,19-10-2022,CUST-100,PROD-3,25264,3,0.08,1768.48
ORD-1290,08-10-2023,12-10-2023,CUST-184,PROD-8,9818,4,0.02,1276.34
ORD-1291,07-06-2023,09-06-2023,CUST-65,PROD-8,24701,2,0.18,741.03
ORD-1292,05-07-2024,09-07-2024,CUST-34,PROD-17,8117,9,0.11,324.68
ORD-1293,27-01-2024,30-01-2024,CUST-3,PROD-25,18394,3,0.15,0
ORD-1294,15-09-2022,18-09-2022,CUST-84,PROD-33,6778,2,0.27,813.36
ORD-1295,01-10-2024,05-10-2024,CUST-1,PROD-39,48218,10,0.07,3857.44
ORD-1296,17-06-2022,22-06-2022,CUST-107,PROD-47,22047,10,0.08,1543.29
ORD-1297,11-07-2024,14-07-2024,CUST-13,PROD-39,24089,6,0.15,0
ORD-1298,24-06-2024,28-06-2024,CUST-97,PROD-13,8889,6,0.25,888.9
ORD-1299,30-08-2023,04-09-2023,CUST-75,PROD-34,6226,4,0.08,435.82
ORD-1300,01-06-2022,03-06-2022,CUST-199,PROD-21,49591,8,0.16,495.91
ORD-1301,15-12-2022,20-12-2022,CUST-74,PROD-26,20828,10,0.25,2082.8
ORD-1302,03-01-2022,06-01-2022,CUST-6,PROD-34,6305,2,0.02,819.65
ORD-1303,24-10-2022,29-10-2022,CUST-123,PROD-10,3842,8,0.29,537.88
ORD-1304,26-11-2022,28-11-2022,CUST-197,PROD-9,11864,4,0.26,1305.04
ORD-1305,28-06-2024,01-07-2024,CUST-114,PROD-37,41865,1,0.03,5023.8
ORD-1306,15-10-2024,17-10-2024,CUST-52,PROD-31,11888,3,0.27,1426.56
ORD-1307,21-08-2023,26-08-2023,CUST-84,PROD-18,43115,1,0.21,2586.9
ORD-1308,12-09-2022,17-09-2022,CUST-182,PROD-48,31498,2,0.3,4724.7
ORD-1309,31-12-2022,02-01-2023,CUST-84,PROD-44,6204,2,0.25,620.4
ORD-1310,03-02-2022,05-02-2022,CUST-59,PROD-44,36546,2,0.29,5116.44
ORD-1311,18-08-2022,20-08-2022,CUST-143,PROD-26,13871,8,0.05,1387.1
ORD-1312,03-05-2024,08-05-2024,CUST-72,PROD-30,3177,5,0.07,254.16
ORD-1313,20-03-2023,23-03-2023,CUST-17,PROD-34,43357,4,0.28,5636.41
ORD-1314,09-02-2023,13-02-2023,CUST-117,PROD-36,40563,7,0.28,5273.19
ORD-1315,28-06-2023,30-06-2023,CUST-47,PROD-50,24973,8,0.08,1748.11
ORD-1316,11-09-2024,16-09-2024,CUST-142,PROD-5,15095,5,0.13,-301.9
ORD-1317,23-02-2022,26-02-2022,CUST-200,PROD-12,27606,10,0.12,828.18
ORD-1318,10-11-2024,13-11-2024,CUST-153,PROD-35,43953,9,0.27,5274.36
ORD-1319,16-05-2023,20-05-2023,CUST-45,PROD-38,12006,3,0.25,1200.6
ORD-1320,14-11-2024,16-11-2024,CUST-167,PROD-25,8669,1,0.01,1213.66
ORD-1321,24-03-2022,27-03-2022,CUST-56,PROD-35,30426,9,0.17,608.52
ORD-1322,29-02-2024,02-03-2024,CUST-51,PROD-40,24417,2,0.23,1953.36
ORD-1323,26-01-2023,29-01-2023,CUST-156,PROD-50,3170,2,0.28,412.1
ORD-1324,16-08-2022,21-08-2022,CUST-169,PROD-46,18687,9,0.09,1121.22
ORD-1325,21-10-2022,25-10-2022,CUST-3,PROD-9,36356,3,0.1,1817.8
ORD-1326,16-04-2023,19-04-2023,CUST-127,PROD-39,18838,10,0.3,2825.7
ORD-1327,28-10-2023,02-11-2023,CUST-12,PROD-22,43498,2,0.23,3479.84
ORD-1328,17-05-2022,20-05-2022,CUST-46,PROD-24,1176,5,0.05,-117.6
ORD-1329,23-08-2022,26-08-2022,CUST-104,PROD-43,9840,5,0.07,787.2
ORD-1330,25-09-2024,28-09-2024,CUST-198,PROD-18,25490,10,0.02,3313.7
ORD-1331,18-08-2023,22-08-2023,CUST-164,PROD-13,20078,6,0.01,2810.92
ORD-1332,24-01-2022,27-01-2022,CUST-131,PROD-45,6991,3,0.03,838.92
ORD-1333,19-09-2022,24-09-2022,CUST-197,PROD-10,42724,6,0.08,2990.68
ORD-1334,01-05-2022,04-05-2022,CUST-192,PROD-49,2203,4,0.01,308.42
ORD-1335,18-05-2024,21-05-2024,CUST-130,PROD-43,9288,1,0.13,-185.76
ORD-1336,06-07-2022,10-07-2022,CUST-6,PROD-37,12120,3,0.18,363.6
ORD-1337,22-03-2024,27-03-2024,CUST-7,PROD-33,15523,10,0.18,465.69
ORD-1338,08-11-2024,10-11-2024,CUST-13,PROD-23,37752,6,0.18,1132.56
ORD-1339,10-12-2024,14-12-2024,CUST-176,PROD-41,10098,9,0.23,807.84
ORD-1340,20-11-2024,22-11-2024,CUST-48,PROD-47,10003,1,0.03,1200.36
ORD-1341,09-04-2022,12-04-2022,CUST-78,PROD-30,48100,3,0.02,6253
ORD-1342,13-09-2022,16-09-2022,CUST-46,PROD-15,27672,7,0.26,3043.92
ORD-1343,19-01-2022,21-01-2022,CUST-129,PROD-31,45238,8,0.22,3166.66
ORD-1344,11-03-2023,15-03-2023,CUST-122,PROD-38,1637,10,0.12,-49.11
ORD-1345,30-03-2022,01-04-2022,CUST-46,PROD-21,45388,9,0.22,3177.16
ORD-1346,05-05-2022,07-05-2022,CUST-157,PROD-42,3568,9,0.16,-35.68
ORD-1347,19-06-2023,24-06-2023,CUST-89,PROD-36,6111,2,0.1,305.55
ORD-1348,16-09-2023,19-09-2023,CUST-10,PROD-1,40741,8,0.05,4074.1
ORD-1349,14-07-2024,18-07-2024,CUST-43,PROD-47,10098,7,0.27,1211.76
ORD-1350,22-07-2022,27-07-2022,CUST-142,PROD-50,17222,1,0.1,861.1
ORD-1351,23-06-2023,26-06-2023,CUST-40,PROD-37,3597,6,0.17,-71.94
ORD-1352,11-06-2023,15-06-2023,CUST-50,PROD-12,48471,2,0.03,5816.52
ORD-1353,05-02-2024,07-02-2024,CUST-76,PROD-4,2870,7,0.03,344.4
ORD-1354,05-05-2023,10-05-2023,CUST-105,PROD-6,21535,7,0.18,646.05
ORD-1355,17-03-2024,19-03-2024,CUST-82,PROD-24,23426,7,0.24,2108.34
ORD-1356,17-01-2022,22-01-2022,CUST-98,PROD-9,27970,4,0.3,4195.5
ORD-1357,22-03-2023,25-03-2023,CUST-196,PROD-45,25460,2,0.04,2800.6
ORD-1358,26-02-2023,02-03-2023,CUST-157,PROD-23,37734,9,0.25,3773.4
ORD-1359,21-12-2022,24-12-2022,CUST-122,PROD-47,46667,5,0.05,4666.7
ORD-1360,21-09-2024,24-09-2024,CUST-16,PROD-2,24221,9,0.09,1453.26
ORD-1361,15-05-2023,17-05-2023,CUST-61,PROD-42,37715,2,0.04,4148.65
ORD-1362,10-06-2024,12-06-2024,CUST-102,PROD-46,13201,2,0.1,660.05
ORD-1363,22-04-2022,25-04-2022,CUST-129,PROD-42,22025,5,0.06,1982.25
ORD-1364,29-11-2023,02-12-2023,CUST-92,PROD-43,4881,8,0.15,0
ORD-1365,02-11-2024,07-11-2024,CUST-85,PROD-44,35658,8,0.15,0
ORD-1366,18-07-2024,21-07-2024,CUST-23,PROD-39,31574,6,0.14,315.74
ORD-1367,19-10-2024,21-10-2024,CUST-22,PROD-1,16318,8,0,2447.7
ORD-1368,17-07-2022,21-07-2022,CUST-82,PROD-28,9362,5,0.12,280.86
ORD-1369,14-09-2022,17-09-2022,CUST-32,PROD-15,41487,9,0.02,5393.31
ORD-1370,29-01-2023,01-02-2023,CUST-79,PROD-15,4845,6,0.23,387.6
ORD-1371,04-02-2024,08-02-2024,CUST-34,PROD-5,7000,8,0.06,630
ORD-1372,25-04-2022,29-04-2022,CUST-115,PROD-27,43169,8,0,6475.35
ORD-1373,14-07-2023,18-07-2023,CUST-174,PROD-30,42381,6,0.12,1271.43
ORD-1374,05-10-2023,08-10-2023,CUST-173,PROD-29,48357,8,0.28,6286.41
ORD-1375,04-04-2023,07-04-2023,CUST-151,PROD-33,11110,1,0.3,1666.5
ORD-1376,09-09-2024,12-09-2024,CUST-26,PROD-8,37744,8,0.28,4906.72
ORD-1377,08-03-2023,12-03-2023,CUST-125,PROD-22,7522,4,0.15,0
ORD-1378,14-12-2024,16-12-2024,CUST-190,PROD-46,12018,10,0.07,961.44
ORD-1379,18-06-2023,23-06-2023,CUST-117,PROD-25,7950,7,0.28,1033.5
ORD-1380,18-09-2023,22-09-2023,CUST-188,PROD-46,46875,3,0.28,6093.75
ORD-1381,02-02-2022,05-02-2022,CUST-83,PROD-24,33973,10,0.28,4416.49
ORD-1382,17-10-2022,20-10-2022,CUST-103,PROD-24,5133,1,0,769.95
ORD-1383,04-02-2022,09-02-2022,CUST-58,PROD-21,37791,8,0.18,1133.73
ORD-1384,02-05-2024,06-05-2024,CUST-87,PROD-44,32669,4,0.22,2286.83
ORD-1385,24-04-2023,27-04-2023,CUST-135,PROD-17,27756,8,0.25,2775.6
ORD-1386,22-07-2023,26-07-2023,CUST-122,PROD-22,48268,2,0.26,5309.48
ORD-1387,04-04-2024,08-04-2024,CUST-27,PROD-15,46250,9,0,6937.5
ORD-1388,16-02-2022,20-02-2022,CUST-45,PROD-10,8668,8,0.23,693.44
ORD-1389,26-09-2023,29-09-2023,CUST-122,PROD-21,49094,5,0.01,6873.16
ORD-1390,01-04-2024,04-04-2024,CUST-83,PROD-22,20740,7,0.13,414.8
ORD-1391,19-01-2023,21-01-2023,CUST-2,PROD-26,38522,4,0,5778.3
ORD-1392,18-02-2023,20-02-2023,CUST-154,PROD-13,22144,1,0.03,2657.28
ORD-1393,15-11-2023,20-11-2023,CUST-12,PROD-47,19851,6,0.08,1389.57
ORD-1394,18-10-2023,22-10-2023,CUST-167,PROD-9,10835,4,0.09,650.1
ORD-1395,21-01-2024,25-01-2024,CUST-137,PROD-33,43071,10,0.03,5168.52
ORD-1396,02-03-2024,06-03-2024,CUST-100,PROD-7,40466,4,0.27,4855.92
ORD-1397,27-08-2023,01-09-2023,CUST-170,PROD-38,27409,1,0.2,1370.45
ORD-1398,20-12-2023,25-12-2023,CUST-1,PROD-34,31770,5,0.01,4447.8
ORD-1399,03-09-2022,08-09-2022,CUST-196,PROD-16,3750,8,0.12,112.5
ORD-1400,01-11-2023,04-11-2023,CUST-55,PROD-3,35274,8,0.23,2821.92
ORD-1401,02-12-2022,06-12-2022,CUST-11,PROD-26,5560,6,0.1,-278
ORD-1402,05-12-2022,09-12-2022,CUST-4,PROD-21,16248,1,0.26,1787.28
ORD-1403,15-03-2024,17-03-2024,CUST-104,PROD-36,29354,9,0.02,3816.02
ORD-1404,18-03-2022,23-03-2022,CUST-66,PROD-3,37886,9,0.26,4167.46
ORD-1405,09-02-2024,11-02-2024,CUST-67,PROD-42,21860,1,0.24,1967.4
ORD-1406,24-04-2024,26-04-2024,CUST-86,PROD-31,39347,5,0.07,3147.76
ORD-1407,13-10-2023,18-10-2023,CUST-147,PROD-27,29385,7,0.12,881.55
ORD-1408,05-06-2022,09-06-2022,CUST-91,PROD-23,37273,3,0.09,2236.38
ORD-1409,06-12-2022,08-12-2022,CUST-191,PROD-46,13148,6,0.21,788.88
ORD-1410,18-04-2022,21-04-2022,CUST-90,PROD-50,5581,1,0.11,-223.24
ORD-1411,09-04-2024,14-04-2024,CUST-134,PROD-24,5701,7,0.2,285.05
ORD-1412,22-12-2022,26-12-2022,CUST-30,PROD-29,10554,4,0.3,1583.1
ORD-1413,25-12-2024,29-12-2024,CUST-99,PROD-43,38561,6,0.03,4627.32
ORD-1414,24-06-2024,27-06-2024,CUST-127,PROD-32,46264,6,0.25,4626.4
ORD-1415,07-01-2024,12-01-2024,CUST-72,PROD-7,37216,3,0.19,1488.64
ORD-1416,14-01-2024,17-01-2024,CUST-86,PROD-27,39276,1,0.26,4320.36
ORD-1417,22-11-2024,26-11-2024,CUST-189,PROD-31,49533,9,0.09,2971.98
ORD-1418,29-05-2023,02-06-2023,CUST-166,PROD-20,41548,7,0.05,4154.8
ORD-1419,20-12-2022,24-12-2022,CUST-156,PROD-9,15850,3,0.07,1268
ORD-1420,07-02-2022,10-02-2022,CUST-132,PROD-11,7911,2,0.16,-79.11
ORD-1421,27-06-2022,02-07-2022,CUST-81,PROD-37,5190,8,0.17,103.8
ORD-1422,13-02-2024,16-02-2024,CUST-197,PROD-32,30488,10,0.16,304.88
ORD-1423,02-11-2023,05-11-2023,CUST-44,PROD-6,28689,1,0.11,1147.56
ORD-1424,27-07-2024,30-07-2024,CUST-170,PROD-3,18245,4,0.16,182.45
ORD-1425,23-06-2023,25-06-2023,CUST-7,PROD-49,24195,3,0.2,1209.75
ORD-1426,19-03-2022,24-03-2022,CUST-122,PROD-22,31910,3,0.06,2871.9
ORD-1427,02-04-2023,05-04-2023,CUST-121,PROD-1,19395,10,0.22,1357.65
ORD-1428,25-01-2022,27-01-2022,CUST-156,PROD-14,39867,6,0.2,1993.35
ORD-1429,14-02-2022,16-02-2022,CUST-69,PROD-43,25659,2,0.02,3335.67
ORD-1430,19-03-2024,23-03-2024,CUST-131,PROD-8,49928,1,0.05,4992.8
ORD-1431,11-04-2022,13-04-2022,CUST-101,PROD-35,41828,4,0.25,4182.8
ORD-1432,24-09-2022,28-09-2022,CUST-26,PROD-35,19444,6,0.17,388.88
ORD-1433,20-10-2023,22-10-2023,CUST-100,PROD-25,38208,1,0.22,2674.56
ORD-1434,21-03-2024,24-03-2024,CUST-187,PROD-5,33208,9,0.13,664.16
ORD-1435,12-10-2023,16-10-2023,CUST-67,PROD-1,8064,4,0.07,645.12
ORD-1436,09-12-2023,11-12-2023,CUST-152,PROD-15,39941,9,0.15,0
ORD-1437,25-10-2023,27-10-2023,CUST-6,PROD-19,10118,5,0.28,1315.34
ORD-1438,08-05-2023,13-05-2023,CUST-182,PROD-12,28490,7,0.06,2564.1
ORD-1439,11-10-2022,16-10-2022,CUST-56,PROD-2,25367,5,0.19,1014.68
ORD-1440,11-07-2024,14-07-2024,CUST-51,PROD-7,39876,5,0.12,1196.28
ORD-1441,29-01-2024,01-02-2024,CUST-158,PROD-22,19019,4,0.05,1901.9
ORD-1442,12-05-2024,17-05-2024,CUST-28,PROD-8,2642,4,0.16,26.42
ORD-1443,15-03-2023,18-03-2023,CUST-162,PROD-27,26006,5,0.05,2600.6
ORD-1444,05-01-2023,09-01-2023,CUST-184,PROD-26,19704,9,0.24,1773.36
ORD-1445,04-11-2022,09-11-2022,CUST-128,PROD-46,44036,5,0.05,4403.6
ORD-1446,21-07-2023,23-07-2023,CUST-108,PROD-35,26630,2,0.2,1331.5
ORD-1447,08-02-2022,10-02-2022,CUST-86,PROD-4,31741,4,0.15,0
ORD-1448,18-09-2022,20-09-2022,CUST-8,PROD-46,18474,9,0.13,-369.48
ORD-1449,16-04-2024,19-04-2024,CUST-45,PROD-49,41287,2,0,6193.05
ORD-1450,04-05-2024,09-05-2024,CUST-172,PROD-39,41348,7,0.18,1240.44
ORD-1451,30-01-2024,02-02-2024,CUST-124,PROD-31,29972,10,0.03,3596.64
ORD-1452,13-09-2023,18-09-2023,CUST-190,PROD-15,44792,5,0.22,3135.44
ORD-1453,28-02-2022,04-03-2022,CUST-54,PROD-1,33307,8,0.09,1998.42
ORD-1454,08-08-2022,10-08-2022,CUST-144,PROD-42,20934,4,0.3,3140.1
ORD-1455,21-12-2024,23-12-2024,CUST-7,PROD-35,10680,6,0,1602
ORD-1456,06-04-2024,08-04-2024,CUST-198,PROD-10,18656,1,0.15,0
ORD-1457,19-03-2024,24-03-2024,CUST-166,PROD-2,40371,3,0.3,6055.65
ORD-1458,06-08-2024,10-08-2024,CUST-13,PROD-17,2184,10,0.06,196.56
ORD-1459,25-10-2022,28-10-2022,CUST-90,PROD-4,4822,2,0.12,144.66
ORD-1460,25-12-2022,30-12-2022,CUST-78,PROD-16,43302,9,0.05,4330.2
ORD-1461,16-11-2022,18-11-2022,CUST-141,PROD-47,31161,3,0.16,311.61
ORD-1462,27-02-2022,04-03-2022,CUST-71,PROD-17,26439,8,0.01,3701.46
ORD-1463,25-09-2022,29-09-2022,CUST-78,PROD-48,30280,9,0,4542
ORD-1464,19-10-2023,22-10-2023,CUST-166,PROD-10,20905,2,0.11,836.2
ORD-1465,28-04-2022,03-05-2022,CUST-175,PROD-35,41105,3,0,6165.75
ORD-1466,29-10-2023,02-11-2023,CUST-130,PROD-48,29258,6,0.03,3510.96
ORD-1467,24-07-2023,29-07-2023,CUST-39,PROD-9,29588,7,0.22,2071.16
ORD-1468,02-11-2022,07-11-2022,CUST-137,PROD-44,17311,8,0.18,519.33
ORD-1469,03-01-2024,08-01-2024,CUST-79,PROD-9,49782,9,0.03,5973.84
ORD-1470,14-11-2024,18-11-2024,CUST-12,PROD-9,2124,4,0.07,169.92
ORD-1471,03-02-2023,08-02-2023,CUST-190,PROD-2,28046,5,0.09,1682.76
ORD-1472,29-01-2024,03-02-2024,CUST-130,PROD-33,28213,1,0.12,846.39
ORD-1473,14-12-2022,16-12-2022,CUST-167,PROD-33,47175,2,0.05,4717.5
ORD-1474,30-07-2024,02-08-2024,CUST-119,PROD-13,5996,4,0.01,839.44
ORD-1475,22-04-2023,26-04-2023,CUST-43,PROD-21,11774,6,0.2,-588.7
ORD-1476,28-10-2023,02-11-2023,CUST-139,PROD-30,20016,3,0.18,600.48
ORD-1477,29-12-2024,03-01-2025,CUST-46,PROD-45,38584,3,0.28,5015.92
ORD-1478,12-11-2023,16-11-2023,CUST-34,PROD-14,36291,2,0.03,4354.92
ORD-1479,13-12-2023,17-12-2023,CUST-168,PROD-17,35853,4,0.22,2509.71
ORD-1480,25-09-2023,30-09-2023,CUST-107,PROD-16,7234,7,0.29,1012.76
ORD-1481,15-04-2023,19-04-2023,CUST-114,PROD-50,18147,2,0.15,0
ORD-1482,19-01-2023,21-01-2023,CUST-166,PROD-46,46098,8,0.15,0
ORD-1483,27-08-2022,31-08-2022,CUST-184,PROD-18,11989,5,0.22,839.23
ORD-1484,09-02-2022,13-02-2022,CUST-51,PROD-20,35083,1,0.05,3508.3
ORD-1485,19-09-2024,21-09-2024,CUST-58,PROD-11,2016,1,0.14,20.16
ORD-1486,08-06-2023,12-06-2023,CUST-68,PROD-4,22413,8,0.2,1120.65
ORD-1487,21-03-2022,23-03-2022,CUST-84,PROD-15,3356,1,0.22,234.92
ORD-1488,26-05-2022,31-05-2022,CUST-44,PROD-2,20398,1,0.28,2651.74
ORD-1489,12-11-2022,17-11-2022,CUST-67,PROD-14,20788,3,0.25,2078.8
ORD-1490,15-01-2023,19-01-2023,CUST-125,PROD-49,7694,7,0.05,769.4
ORD-1491,10-05-2023,14-05-2023,CUST-187,PROD-14,49397,8,0.19,1975.88
ORD-1492,18-05-2024,20-05-2024,CUST-118,PROD-48,48199,3,0.14,481.99
ORD-1493,22-08-2022,24-08-2022,CUST-165,PROD-31,12436,5,0.13,-248.72
ORD-1494,26-03-2024,30-03-2024,CUST-128,PROD-47,45825,1,0.15,0
ORD-1495,28-09-2022,03-10-2022,CUST-163,PROD-43,35261,7,0.2,1763.05
ORD-1496,05-06-2022,07-06-2022,CUST-10,PROD-46,627,1,0.02,81.51
ORD-1497,12-06-2023,16-06-2023,CUST-19,PROD-35,17959,4,0.21,1077.54
ORD-1498,10-08-2023,13-08-2023,CUST-3,PROD-3,10432,7,0.02,1356.16
ORD-1499,05-02-2023,10-02-2023,CUST-34,PROD-47,25184,2,0,3777.6
ORD-1500,14-09-2023,18-09-2023,CUST-21,PROD-37,33000,8,0.25,3300
ORD-1501,27-05-2024,31-05-2024,CUST-56,PROD-45,3448,6,0.03,413.76
ORD-1502,21-10-2023,25-10-2023,CUST-52,PROD-23,41212,8,0.3,6181.8
ORD-1503,20-09-2024,24-09-2024,CUST-80,PROD-36,29174,1,0.04,3209.14
ORD-1504,13-01-2023,16-01-2023,CUST-14,PROD-26,32711,6,0.02,4252.43
ORD-1505,06-10-2023,10-10-2023,CUST-83,PROD-24,19893,9,0.24,1790.37
ORD-1506,21-10-2024,26-10-2024,CUST-43,PROD-47,3970,2,0.28,-516.1
ORD-1507,05-04-2024,08-04-2024,CUST-152,PROD-35,35597,7,0,5339.55
ORD-1508,13-11-2023,16-11-2023,CUST-53,PROD-7,49598,6,0.26,5455.78
ORD-1509,23-11-2023,27-11-2023,CUST-90,PROD-31,28185,6,0.24,2536.65
ORD-1510,04-07-2023,06-07-2023,CUST-154,PROD-20,36174,3,0.2,1808.7
ORD-1511,06-03-2024,08-03-2024,CUST-98,PROD-11,36274,1,0.02,4715.62
ORD-1512,24-02-2023,01-03-2023,CUST-155,PROD-9,18098,3,0.13,361.96
ORD-1513,06-06-2022,11-06-2022,CUST-49,PROD-47,46953,8,0.1,2347.65
ORD-1514,16-01-2023,21-01-2023,CUST-85,PROD-27,46954,5,0.28,6104.02
ORD-1515,20-12-2024,24-12-2024,CUST-42,PROD-1,45134,6,0,6770.1
ORD-1516,01-09-2023,04-09-2023,CUST-161,PROD-30,20367,1,0.26,2240.37
ORD-1517,29-12-2022,31-12-2022,CUST-114,PROD-11,6447,7,0.03,773.64
ORD-1518,17-05-2023,22-05-2023,CUST-107,PROD-15,35240,10,0.17,704.8
ORD-1519,23-11-2023,25-11-2023,CUST-91,PROD-49,16464,5,0.11,658.56
ORD-1520,09-01-2024,11-01-2024,CUST-130,PROD-37,47108,5,0.08,3297.56
ORD-1521,07-07-2022,11-07-2022,CUST-12,PROD-16,35538,5,0.3,5330.7
ORD-1522,01-12-2024,05-12-2024,CUST-192,PROD-8,20043,7,0,3006.45
ORD-1523,13-10-2022,15-10-2022,CUST-17,PROD-17,27795,2,0.25,2779.5
ORD-1524,18-09-2023,21-09-2023,CUST-166,PROD-21,3767,9,0.08,263.69
ORD-1525,05-05-2022,07-05-2022,CUST-9,PROD-41,37401,2,0.18,1122.03
ORD-1526,28-08-2024,02-09-2024,CUST-96,PROD-31,7247,9,0.06,652.23
ORD-1527,05-06-2022,10-06-2022,CUST-140,PROD-2,47098,2,0.07,3767.84
ORD-1528,21-06-2024,26-06-2024,CUST-118,PROD-48,30901,5,0.2,1545.05
ORD-1529,13-07-2023,17-07-2023,CUST-116,PROD-45,47819,8,0.24,4303.71
ORD-1530,17-04-2022,20-04-2022,CUST-164,PROD-12,8580,7,0.26,-943.8
ORD-1531,26-01-2024,28-01-2024,CUST-145,PROD-13,8959,2,0.28,1164.67
ORD-1532,22-11-2023,27-11-2023,CUST-160,PROD-32,7349,5,0.27,881.88
ORD-1533,04-05-2024,07-05-2024,CUST-139,PROD-14,7688,6,0.29,1076.32
ORD-1534,17-04-2022,19-04-2022,CUST-193,PROD-19,43836,1,0.12,1315.08
ORD-1535,01-06-2022,06-06-2022,CUST-134,PROD-26,29401,3,0.27,3528.12
ORD-1536,03-11-2024,06-11-2024,CUST-123,PROD-25,27046,5,0.04,2975.06
ORD-1537,13-09-2024,18-09-2024,CUST-191,PROD-29,36543,2,0,5481.45
ORD-1538,10-03-2024,12-03-2024,CUST-117,PROD-9,42710,9,0.16,427.1
ORD-1539,13-11-2024,18-11-2024,CUST-38,PROD-26,9544,2,0.04,1049.84
ORD-1540,04-04-2023,08-04-2023,CUST-187,PROD-26,13757,2,0.07,1100.56
ORD-1541,18-03-2023,20-03-2023,CUST-64,PROD-40,49564,2,0.22,3469.48
ORD-1542,18-07-2024,21-07-2024,CUST-136,PROD-46,35224,6,0.29,4931.36
ORD-1543,29-06-2022,02-07-2022,CUST-86,PROD-2,1327,3,0.13,-26.54
ORD-1544,01-04-2024,06-04-2024,CUST-124,PROD-14,11347,2,0.06,1021.23
ORD-1545,01-07-2024,06-07-2024,CUST-188,PROD-49,21404,7,0.16,214.04
ORD-1546,13-11-2024,17-11-2024,CUST-60,PROD-43,33576,1,0.27,4029.12
ORD-1547,05-07-2022,08-07-2022,CUST-21,PROD-32,19926,7,0.06,1793.34
ORD-1548,28-08-2024,01-09-2024,CUST-141,PROD-43,30881,3,0.22,2161.67
ORD-1549,04-02-2022,08-02-2022,CUST-139,PROD-25,39604,1,0.06,3564.36
ORD-1550,03-06-2024,08-06-2024,CUST-72,PROD-22,7353,2,0.26,808.83
ORD-1551,09-02-2022,11-02-2022,CUST-67,PROD-15,19181,9,0.11,767.24
ORD-1552,30-04-2022,05-05-2022,CUST-80,PROD-50,21552,8,0.07,1724.16
ORD-1553,13-04-2024,16-04-2024,CUST-89,PROD-15,35280,8,0.01,4939.2
ORD-1554,14-12-2022,16-12-2022,CUST-160,PROD-3,15254,10,0.18,457.62
ORD-1555,07-08-2022,09-08-2022,CUST-98,PROD-6,21905,10,0.18,657.15
ORD-1556,21-08-2024,26-08-2024,CUST-125,PROD-36,14774,3,0.3,2216.1
ORD-1557,16-11-2023,20-11-2023,CUST-64,PROD-34,16001,4,0.2,800.05
ORD-1558,31-12-2023,05-01-2024,CUST-108,PROD-9,11190,2,0.1,559.5
ORD-1559,19-02-2024,22-02-2024,CUST-57,PROD-39,11178,4,0.1,558.9
ORD-1560,09-03-2022,13-03-2022,CUST-13,PROD-18,46419,1,0.17,928.38
ORD-1561,23-06-2023,27-06-2023,CUST-81,PROD-2,33087,8,0.28,4301.31
ORD-1562,09-04-2024,11-04-2024,CUST-186,PROD-48,30694,4,0.14,306.94
ORD-1563,21-09-2024,24-09-2024,CUST-155,PROD-43,13886,10,0.21,833.16
ORD-1564,17-11-2023,19-11-2023,CUST-86,PROD-5,44468,3,0.03,5336.16
ORD-1565,14-05-2022,17-05-2022,CUST-164,PROD-22,16483,8,0.04,1813.13
ORD-1566,16-06-2023,19-06-2023,CUST-165,PROD-12,11586,4,0.24,1042.74
ORD-1567,14-06-2022,19-06-2022,CUST-126,PROD-48,32094,6,0,4814.1
ORD-1568,01-04-2023,06-04-2023,CUST-145,PROD-43,20644,6,0.15,0
ORD-1569,14-04-2022,17-04-2022,CUST-147,PROD-3,3537,9,0.05,-353.7
ORD-1570,09-05-2022,14-05-2022,CUST-52,PROD-26,25897,3,0.1,1294.85
ORD-1571,10-09-2023,12-09-2023,CUST-171,PROD-36,41465,1,0.27,4975.8
ORD-1572,13-01-2023,16-01-2023,CUST-161,PROD-14,12893,3,0.16,128.93
ORD-1573,27-07-2023,29-07-2023,CUST-119,PROD-27,4366,2,0.24,392.94
ORD-1574,18-04-2022,23-04-2022,CUST-13,PROD-36,31151,2,0.27,3738.12
ORD-1575,17-05-2022,21-05-2022,CUST-1,PROD-13,33965,9,0.28,4415.45
ORD-1576,23-01-2024,28-01-2024,CUST-160,PROD-49,3281,7,0.04,360.91
ORD-1577,21-12-2022,25-12-2022,CUST-153,PROD-39,24777,3,0.22,1734.39
ORD-1578,11-09-2022,15-09-2022,CUST-58,PROD-1,26247,4,0,3937.05
ORD-1579,23-08-2023,26-08-2023,CUST-160,PROD-42,20777,9,0.24,1869.93
ORD-1580,03-07-2024,08-07-2024,CUST-47,PROD-6,45003,10,0,6750.45
ORD-1581,24-02-2022,01-03-2022,CUST-93,PROD-5,1150,2,0.26,126.5
ORD-1582,15-06-2022,20-06-2022,CUST-61,PROD-10,17708,3,0.2,885.4
ORD-1583,25-06-2022,30-06-2022,CUST-160,PROD-33,837,7,0.09,-50.22
ORD-1584,18-12-2024,22-12-2024,CUST-94,PROD-15,25022,1,0.07,2001.76
ORD-1585,23-06-2024,27-06-2024,CUST-184,PROD-5,14410,10,0.21,864.6
ORD-1586,18-06-2023,21-06-2023,CUST-27,PROD-48,34718,10,0.29,4860.52
ORD-1587,02-09-2022,06-09-2022,CUST-9,PROD-10,34596,4,0.09,2075.76
ORD-1588,29-07-2022,03-08-2022,CUST-199,PROD-42,44932,3,0.03,5391.84
ORD-1589,26-04-2022,01-05-2022,CUST-142,PROD-26,20013,3,0.06,1801.17
ORD-1590,19-05-2024,23-05-2024,CUST-24,PROD-38,13589,5,0.27,1630.68
ORD-1591,07-07-2023,09-07-2023,CUST-199,PROD-19,2128,2,0.1,106.4
ORD-1592,25-08-2024,30-08-2024,CUST-81,PROD-48,19796,3,0.12,593.88
ORD-1593,03-09-2023,06-09-2023,CUST-87,PROD-29,47203,4,0.05,4720.3
ORD-1594,10-02-2022,15-02-2022,CUST-181,PROD-2,25942,1,0.12,778.26
ORD-1595,01-10-2024,03-10-2024,CUST-108,PROD-12,10965,2,0.25,1096.5
ORD-1596,12-03-2023,15-03-2023,CUST-6,PROD-29,13442,2,0.1,672.1
ORD-1597,20-09-2022,24-09-2022,CUST-62,PROD-26,37088,1,0.11,1483.52
ORD-1598,08-02-2024,12-02-2024,CUST-79,PROD-25,8563,1,0.28,1113.19
ORD-1599,30-05-2022,03-06-2022,CUST-111,PROD-48,9424,3,0,1413.6
ORD-1600,07-04-2024,09-04-2024,CUST-175,PROD-11,18178,8,0.21,1090.68
ORD-1601,26-12-2024,30-12-2024,CUST-176,PROD-7,13124,8,0.11,524.96
ORD-1602,17-10-2024,20-10-2024,CUST-111,PROD-1,5714,6,0.14,-57.14
ORD-1603,17-02-2022,22-02-2022,CUST-100,PROD-43,4685,5,0.12,140.55
ORD-1604,25-09-2023,30-09-2023,CUST-39,PROD-38,47348,2,0.24,4261.32
ORD-1605,08-06-2022,11-06-2022,CUST-152,PROD-36,46096,3,0.03,5531.52
ORD-1606,23-01-2022,27-01-2022,CUST-177,PROD-44,11400,4,0.2,570
ORD-1607,27-11-2023,01-12-2023,CUST-4,PROD-25,38068,1,0.12,1142.04
ORD-1608,04-02-2024,06-02-2024,CUST-139,PROD-9,36626,3,0.09,2197.56
ORD-1609,08-05-2023,10-05-2023,CUST-64,PROD-33,35878,6,0.1,1793.9
ORD-1610,17-05-2024,19-05-2024,CUST-97,PROD-50,37707,6,0.25,3770.7
ORD-1611,30-10-2024,03-11-2024,CUST-195,PROD-7,43524,1,0.25,4352.4
ORD-1612,16-09-2022,21-09-2022,CUST-55,PROD-8,11214,4,0.02,1457.82
ORD-1613,12-08-2024,14-08-2024,CUST-14,PROD-37,26551,3,0.26,2920.61
ORD-1614,26-09-2022,29-09-2022,CUST-22,PROD-36,5079,7,0.24,457.11
ORD-1615,10-09-2024,13-09-2024,CUST-101,PROD-18,17697,7,0.17,353.94
ORD-1616,04-01-2022,06-01-2022,CUST-54,PROD-16,34326,8,0.02,4462.38
ORD-1617,31-10-2022,04-11-2022,CUST-81,PROD-5,36292,4,0.27,4355.04
ORD-1618,12-01-2022,17-01-2022,CUST-169,PROD-42,8819,4,0.08,617.33
ORD-1619,02-06-2022,07-06-2022,CUST-119,PROD-11,49951,2,0.27,5994.12
ORD-1620,11-03-2023,14-03-2023,CUST-104,PROD-36,5653,9,0.04,621.83
ORD-1621,04-07-2022,08-07-2022,CUST-93,PROD-35,31109,4,0.16,311.09
ORD-1622,15-10-2023,19-10-2023,CUST-176,PROD-6,21829,3,0.17,436.58
ORD-1623,18-08-2024,20-08-2024,CUST-155,PROD-9,43626,5,0.1,2181.3
ORD-1624,26-03-2023,29-03-2023,CUST-185,PROD-13,42032,3,0.25,4203.2
ORD-1625,23-05-2024,28-05-2024,CUST-195,PROD-18,45904,3,0.21,2754.24
ORD-1626,19-08-2024,22-08-2024,CUST-139,PROD-30,38184,1,0.3,5727.6
ORD-1627,09-04-2024,12-04-2024,CUST-160,PROD-19,8934,8,0.28,1161.42
ORD-1628,15-02-2023,19-02-2023,CUST-106,PROD-31,34643,2,0.03,4157.16
ORD-1629,31-12-2022,03-01-2023,CUST-179,PROD-36,19007,2,0.2,950.35
ORD-1630,04-12-2022,06-12-2022,CUST-147,PROD-7,1196,4,0.25,119.6
ORD-1631,16-07-2023,19-07-2023,CUST-78,PROD-21,4657,8,0.25,465.7
ORD-1632,14-09-2022,16-09-2022,CUST-27,PROD-24,14563,3,0.12,436.89
ORD-1633,03-12-2023,06-12-2023,CUST-184,PROD-35,22322,2,0.25,2232.2
ORD-1634,12-10-2023,17-10-2023,CUST-189,PROD-26,3383,3,0.24,304.47
ORD-1635,03-03-2024,08-03-2024,CUST-87,PROD-20,37569,8,0.26,4132.59
ORD-1636,23-10-2024,25-10-2024,CUST-179,PROD-37,14805,2,0.23,1184.4
ORD-1637,20-08-2023,24-08-2023,CUST-4,PROD-5,15455,10,0.1,772.75
ORD-1638,18-07-2024,21-07-2024,CUST-184,PROD-48,42002,10,0.19,1680.08
ORD-1639,07-12-2024,10-12-2024,CUST-4,PROD-22,25642,5,0.01,3589.88
ORD-1640,28-02-2023,03-03-2023,CUST-82,PROD-21,5657,1,0.27,678.84
ORD-1641,27-12-2024,31-12-2024,CUST-66,PROD-44,4744,7,0.02,616.72
ORD-1642,08-06-2024,10-06-2024,CUST-91,PROD-32,4629,4,0,694.35
ORD-1643,27-11-2024,02-12-2024,CUST-115,PROD-41,15646,5,0.01,2190.44
ORD-1644,24-01-2024,28-01-2024,CUST-12,PROD-18,15942,1,0.27,1913.04
ORD-1645,10-03-2022,12-03-2022,CUST-151,PROD-3,1578,7,0.14,15.78
ORD-1646,03-09-2023,06-09-2023,CUST-183,PROD-30,20521,6,0.2,1026.05
ORD-1647,09-08-2022,13-08-2022,CUST-149,PROD-7,46800,9,0.1,2340
ORD-1648,02-04-2024,05-04-2024,CUST-193,PROD-12,25690,8,0.21,1541.4
ORD-1649,19-08-2023,22-08-2023,CUST-173,PROD-7,49042,9,0.1,2452.1
ORD-1650,26-01-2022,28-01-2022,CUST-7,PROD-48,7122,10,0.11,284.88
ORD-1651,25-11-2022,29-11-2022,CUST-99,PROD-38,28589,2,0.05,2858.9
ORD-1652,17-01-2024,22-01-2024,CUST-39,PROD-48,42840,6,0.06,3855.6
ORD-1653,10-11-2022,12-11-2022,CUST-54,PROD-15,16537,9,0.3,2480.55
ORD-1654,06-06-2023,08-06-2023,CUST-156,PROD-42,1159,4,0.27,139.08
ORD-1655,08-04-2024,12-04-2024,CUST-26,PROD-15,47857,9,0.09,2871.42
ORD-1656,28-08-2024,30-08-2024,CUST-160,PROD-3,25615,9,0.26,2817.65
ORD-1657,10-08-2024,15-08-2024,CUST-53,PROD-41,43021,10,0.15,0
ORD-1658,18-11-2022,23-11-2022,CUST-194,PROD-14,45072,9,0.04,4957.92
ORD-1659,02-04-2023,05-04-2023,CUST-147,PROD-22,47660,3,0.25,4766
ORD-1660,08-05-2023,10-05-2023,CUST-130,PROD-40,47412,7,0.13,948.24
ORD-1661,19-05-2024,23-05-2024,CUST-189,PROD-47,4924,3,0.13,98.48
ORD-1662,23-12-2022,27-12-2022,CUST-17,PROD-8,39021,5,0,5853.15
ORD-1663,14-01-2022,18-01-2022,CUST-57,PROD-4,16773,5,0.19,670.92
ORD-1664,19-01-2023,21-01-2023,CUST-159,PROD-48,33167,2,0.25,3316.7
ORD-1665,05-05-2022,08-05-2022,CUST-41,PROD-36,2466,8,0.3,369.9
ORD-1666,31-12-2023,05-01-2024,CUST-50,PROD-1,11516,10,0.11,460.64
ORD-1667,20-10-2023,23-10-2023,CUST-106,PROD-16,33117,7,0.26,3642.87
ORD-1668,22-09-2023,25-09-2023,CUST-82,PROD-32,22215,3,0.15,0
ORD-1669,19-02-2024,24-02-2024,CUST-78,PROD-14,22166,7,0.2,1108.3
ORD-1670,10-11-2023,14-11-2023,CUST-116,PROD-2,37763,5,0.13,755.26
ORD-1671,21-11-2023,25-11-2023,CUST-23,PROD-45,31014,1,0.24,2791.26
ORD-1672,03-02-2023,08-02-2023,CUST-104,PROD-45,40943,5,0.26,4503.73
ORD-1673,22-05-2024,25-05-2024,CUST-61,PROD-35,40800,7,0.07,3264
ORD-1674,08-02-2024,10-02-2024,CUST-20,PROD-23,47789,5,0.05,4778.9
ORD-1675,16-01-2024,21-01-2024,CUST-138,PROD-47,7178,5,0.04,789.58
ORD-1676,30-03-2023,04-04-2023,CUST-92,PROD-37,29500,3,0.21,1770
ORD-1677,16-12-2022,20-12-2022,CUST-49,PROD-29,1643,4,0.11,65.72
ORD-1678,09-05-2022,14-05-2022,CUST-163,PROD-4,958,7,0.1,47.9
ORD-1679,23-02-2022,28-02-2022,CUST-28,PROD-17,43153,7,0.15,0
ORD-1680,20-02-2024,23-02-2024,CUST-3,PROD-24,20094,7,0.07,1607.52
ORD-1681,26-06-2024,29-06-2024,CUST-159,PROD-33,36800,6,0,5520
ORD-1682,03-09-2022,07-09-2022,CUST-142,PROD-16,507,8,0.25,-50.7
ORD-1683,07-11-2024,11-11-2024,CUST-88,PROD-29,44667,5,0.27,5360.04
ORD-1684,01-09-2022,06-09-2022,CUST-75,PROD-24,42568,9,0.26,4682.48
ORD-1685,23-03-2023,26-03-2023,CUST-114,PROD-40,1560,5,0.05,-156
ORD-1686,30-08-2022,01-09-2022,CUST-131,PROD-20,13469,8,0.08,942.83
ORD-1687,04-05-2024,07-05-2024,CUST-92,PROD-26,40014,10,0.1,2000.7
ORD-1688,26-07-2023,30-07-2023,CUST-191,PROD-17,28627,10,0.07,2290.16
ORD-1689,25-11-2022,29-11-2022,CUST-188,PROD-44,9748,1,0.2,487.4
ORD-1690,18-08-2022,21-08-2022,CUST-149,PROD-33,36918,7,0.05,3691.8
ORD-1691,02-10-2024,07-10-2024,CUST-176,PROD-38,48733,4,0.01,6822.62
ORD-1692,31-12-2023,05-01-2024,CUST-20,PROD-26,39823,10,0.09,2389.38
ORD-1693,24-10-2023,28-10-2023,CUST-168,PROD-37,37825,8,0.07,3026
ORD-1694,29-12-2023,03-01-2024,CUST-61,PROD-19,39639,10,0.22,2774.73
ORD-1695,01-12-2024,03-12-2024,CUST-65,PROD-50,41611,7,0.12,1248.33
ORD-1696,06-09-2023,08-09-2023,CUST-118,PROD-11,11654,6,0.19,466.16
ORD-1697,19-03-2024,23-03-2024,CUST-17,PROD-36,15788,10,0.22,1105.16
ORD-1698,07-11-2022,09-11-2022,CUST-75,PROD-29,49951,7,0.16,499.51
ORD-1699,21-04-2022,23-04-2022,CUST-13,PROD-2,39195,6,0.29,5487.3
ORD-1700,24-05-2024,29-05-2024,CUST-14,PROD-23,36519,9,0.28,4747.47
ORD-1701,19-08-2024,23-08-2024,CUST-89,PROD-43,39845,7,0.04,4382.95
ORD-1702,09-03-2023,13-03-2023,CUST-164,PROD-15,30291,5,0.3,4543.65
ORD-1703,11-08-2022,16-08-2022,CUST-184,PROD-13,15356,6,0.24,1382.04
ORD-1704,24-06-2024,29-06-2024,CUST-92,PROD-42,17422,3,0.03,2090.64
ORD-1705,25-10-2022,27-10-2022,CUST-191,PROD-7,22615,2,0,3392.25
ORD-1706,08-07-2023,13-07-2023,CUST-135,PROD-5,40170,4,0.08,2811.9
ORD-1707,06-04-2024,08-04-2024,CUST-17,PROD-29,40904,8,0.18,1227.12
ORD-1708,27-05-2022,30-05-2022,CUST-61,PROD-14,43811,1,0.23,3504.88
ORD-1709,28-02-2022,03-03-2022,CUST-144,PROD-40,29948,2,0.06,2695.32
ORD-1710,04-03-2023,07-03-2023,CUST-65,PROD-6,10859,6,0.04,1194.49
ORD-1711,26-11-2022,30-11-2022,CUST-167,PROD-21,24885,6,0.25,2488.5
ORD-1712,02-12-2024,07-12-2024,CUST-53,PROD-25,15552,5,0.19,622.08
ORD-1713,25-12-2023,29-12-2023,CUST-64,PROD-17,10182,2,0.3,1527.3
ORD-1714,26-03-2023,30-03-2023,CUST-175,PROD-6,38118,4,0.22,2668.26
ORD-1715,19-04-2024,24-04-2024,CUST-162,PROD-20,2856,4,0.23,228.48
ORD-1716,26-06-2022,29-06-2022,CUST-199,PROD-22,34981,2,0,5247.15
ORD-1717,08-03-2022,12-03-2022,CUST-92,PROD-44,21858,8,0.3,3278.7
ORD-1718,14-08-2023,16-08-2023,CUST-91,PROD-46,26753,9,0.1,1337.65
ORD-1719,27-10-2022,29-10-2022,CUST-183,PROD-17,45887,9,0.29,6424.18
ORD-1720,26-06-2023,30-06-2023,CUST-89,PROD-17,48525,6,0.19,1941
ORD-1721,26-11-2024,29-11-2024,CUST-30,PROD-35,22167,9,0.24,1995.03
ORD-1722,16-06-2023,18-06-2023,CUST-31,PROD-28,38223,2,0.03,4586.76
ORD-1723,21-03-2023,24-03-2023,CUST-187,PROD-10,46770,7,0.04,5144.7
ORD-1724,26-09-2022,01-10-2022,CUST-46,PROD-10,18235,2,0.02,2370.55
ORD-1725,25-07-2023,29-07-2023,CUST-73,PROD-48,24730,3,0.22,1731.1
ORD-1726,10-12-2023,12-12-2023,CUST-9,PROD-43,1289,4,0.22,90.23
ORD-1727,11-11-2022,14-11-2022,CUST-187,PROD-21,42423,10,0.22,2969.61
ORD-1728,30-08-2024,03-09-2024,CUST-193,PROD-46,12504,4,0.18,375.12
ORD-1729,30-03-2022,01-04-2022,CUST-69,PROD-48,11373,5,0.22,796.11
ORD-1730,12-11-2023,16-11-2023,CUST-15,PROD-48,2952,10,0.01,-413.28
ORD-1731,03-05-2024,08-05-2024,CUST-177,PROD-37,35414,8,0.1,1770.7
ORD-1732,12-05-2022,14-05-2022,CUST-50,PROD-38,34331,4,0.23,2746.48
ORD-1733,30-01-2022,02-02-2022,CUST-175,PROD-44,21748,2,0.06,1957.32
ORD-1734,13-07-2023,16-07-2023,CUST-107,PROD-30,38750,8,0.17,775
ORD-1735,13-01-2023,17-01-2023,CUST-141,PROD-23,36509,9,0.22,2555.63
ORD-1736,21-10-2022,26-10-2022,CUST-49,PROD-38,20546,5,0.01,2876.44
ORD-1737,23-07-2023,25-07-2023,CUST-184,PROD-27,35173,5,0.23,2813.84
ORD-1738,23-01-2023,28-01-2023,CUST-99,PROD-42,18318,3,0.11,732.72
ORD-1739,03-06-2023,07-06-2023,CUST-56,PROD-26,8300,2,0.15,0
ORD-1740,27-10-2023,29-10-2023,CUST-4,PROD-47,43295,10,0.09,2597.7
ORD-1741,01-12-2022,04-12-2022,CUST-122,PROD-4,19228,9,0.06,1730.52
ORD-1742,21-10-2024,24-10-2024,CUST-71,PROD-28,24994,8,0.15,0
ORD-1743,13-07-2024,18-07-2024,CUST-43,PROD-11,49140,1,0.01,6879.6
ORD-1744,19-06-2022,24-06-2022,CUST-182,PROD-4,44982,9,0.29,6297.48
ORD-1745,15-09-2024,18-09-2024,CUST-153,PROD-45,4399,5,0.27,527.88
ORD-1746,11-11-2023,16-11-2023,CUST-87,PROD-14,35493,6,0.18,1064.79
ORD-1747,05-06-2024,07-06-2024,CUST-175,PROD-4,5480,7,0.11,219.2
ORD-1748,14-08-2024,18-08-2024,CUST-69,PROD-38,5652,3,0.05,565.2
ORD-1749,15-04-2022,18-04-2022,CUST-148,PROD-25,7816,4,0.09,468.96
ORD-1750,20-02-2023,24-02-2023,CUST-198,PROD-17,28318,9,0.1,1415.9
ORD-1751,05-12-2024,09-12-2024,CUST-13,PROD-34,25078,5,0.17,501.56
ORD-1752,18-11-2023,22-11-2023,CUST-111,PROD-19,12548,2,0.07,1003.84
ORD-1753,09-07-2022,14-07-2022,CUST-48,PROD-39,35371,10,0.02,4598.23
ORD-1754,29-10-2022,01-11-2022,CUST-44,PROD-26,31631,6,0.07,2530.48
ORD-1755,28-07-2023,02-08-2023,CUST-188,PROD-46,35504,7,0.22,2485.28
ORD-1756,09-02-2022,11-02-2022,CUST-192,PROD-22,19641,2,0.04,2160.51
ORD-1757,09-03-2022,13-03-2022,CUST-69,PROD-7,32443,3,0.23,2595.44
ORD-1758,27-08-2024,29-08-2024,CUST-101,PROD-31,42092,9,0.15,0
ORD-1759,02-12-2023,06-12-2023,CUST-103,PROD-44,16306,1,0.11,652.24
ORD-1760,28-10-2023,01-11-2023,CUST-21,PROD-6,29025,8,0.01,4063.5
ORD-1761,20-06-2022,24-06-2022,CUST-56,PROD-4,39826,3,0.17,796.52
ORD-1762,17-10-2024,19-10-2024,CUST-166,PROD-49,9502,8,0.13,190.04
ORD-1763,26-07-2022,31-07-2022,CUST-140,PROD-47,26174,3,0.08,1832.18
ORD-1764,19-02-2022,21-02-2022,CUST-90,PROD-45,24135,9,0.29,3378.9
ORD-1765,19-09-2022,21-09-2022,CUST-173,PROD-20,24786,8,0.22,1735.02
ORD-1766,04-08-2023,08-08-2023,CUST-53,PROD-37,17477,8,0.17,349.54
ORD-1767,19-05-2024,22-05-2024,CUST-175,PROD-49,35978,2,0.01,5036.92
ORD-1768,07-08-2024,09-08-2024,CUST-57,PROD-5,42220,8,0.08,2955.4
ORD-1769,30-05-2024,03-06-2024,CUST-66,PROD-29,31264,2,0.2,1563.2
ORD-1770,19-03-2024,22-03-2024,CUST-6,PROD-9,31995,10,0.1,1599.75
ORD-1771,25-08-2022,28-08-2022,CUST-119,PROD-45,37946,8,0.23,3035.68
ORD-1772,28-03-2022,01-04-2022,CUST-141,PROD-12,44763,10,0.28,5819.19
ORD-1773,08-04-2024,12-04-2024,CUST-16,PROD-21,26370,8,0.29,3691.8
ORD-1774,05-12-2024,08-12-2024,CUST-176,PROD-31,28602,5,0.05,2860.2
ORD-1775,15-04-2022,19-04-2022,CUST-160,PROD-40,12679,4,0.25,1267.9
ORD-1776,27-08-2023,30-08-2023,CUST-4,PROD-39,20637,2,0.17,412.74
ORD-1777,20-12-2023,25-12-2023,CUST-138,PROD-20,47874,1,0.09,2872.44
ORD-1778,22-12-2023,25-12-2023,CUST-102,PROD-6,23226,2,0.25,2322.6
ORD-1779,27-11-2024,02-12-2024,CUST-157,PROD-6,47764,7,0.11,1910.56
ORD-1780,15-07-2022,19-07-2022,CUST-53,PROD-41,15709,2,0.15,0
ORD-1781,24-09-2022,26-09-2022,CUST-93,PROD-49,41571,9,0.26,4572.81
ORD-1782,14-06-2024,19-06-2024,CUST-127,PROD-43,29423,9,0.2,1471.15
ORD-1783,13-05-2024,16-05-2024,CUST-138,PROD-17,4189,8,0.07,335.12
ORD-1784,19-04-2023,21-04-2023,CUST-166,PROD-31,22190,3,0.04,2440.9
ORD-1785,06-03-2024,11-03-2024,CUST-113,PROD-36,8431,1,0.01,1180.34
ORD-1786,12-10-2024,14-10-2024,CUST-47,PROD-40,2441,9,0.3,366.15
ORD-1787,03-11-2024,07-11-2024,CUST-93,PROD-23,1503,8,0.28,195.39
ORD-1788,22-03-2023,27-03-2023,CUST-101,PROD-15,9773,10,0.17,195.46
ORD-1789,05-01-2022,07-01-2022,CUST-83,PROD-40,16904,6,0.06,1521.36
ORD-1790,02-08-2023,04-08-2023,CUST-4,PROD-32,37550,10,0.02,4881.5
ORD-1791,21-06-2022,25-06-2022,CUST-107,PROD-33,30672,9,0.16,306.72
ORD-1792,07-07-2022,09-07-2022,CUST-151,PROD-27,14364,10,0.05,1436.4
ORD-1793,09-09-2023,13-09-2023,CUST-87,PROD-18,37002,7,0.28,4810.26
ORD-1794,09-06-2023,14-06-2023,CUST-141,PROD-44,15338,9,0.15,0
ORD-1795,11-07-2023,15-07-2023,CUST-166,PROD-25,20853,9,0.25,2085.3
ORD-1796,11-07-2024,15-07-2024,CUST-29,PROD-37,21616,5,0.14,216.16
ORD-1797,07-10-2024,10-10-2024,CUST-25,PROD-32,9952,9,0.06,895.68
ORD-1798,11-12-2023,13-12-2023,CUST-41,PROD-49,11276,6,0.01,1578.64
ORD-1799,15-07-2023,17-07-2023,CUST-7,PROD-49,6458,2,0.2,322.9
ORD-1800,26-03-2022,30-03-2022,CUST-39,PROD-6,3564,4,0.03,427.68
ORD-1801,07-10-2023,10-10-2023,CUST-16,PROD-10,28813,4,0.16,288.13
ORD-1802,02-09-2024,04-09-2024,CUST-39,PROD-42,23452,4,0,3517.8
ORD-1803,20-12-2023,23-12-2023,CUST-153,PROD-2,39808,6,0.26,4378.88
ORD-1804,17-03-2023,22-03-2023,CUST-70,PROD-41,7267,10,0.05,726.7
ORD-1805,21-02-2024,26-02-2024,CUST-134,PROD-4,28597,2,0.16,285.97
ORD-1806,13-11-2024,17-11-2024,CUST-45,PROD-21,41453,6,0.28,5388.89
ORD-1807,15-05-2022,18-05-2022,CUST-156,PROD-42,49189,7,0.02,6394.57
ORD-1808,09-11-2024,14-11-2024,CUST-77,PROD-47,27600,6,0.13,-552
ORD-1809,17-09-2022,22-09-2022,CUST-89,PROD-23,39480,1,0,5922
ORD-1810,21-07-2023,26-07-2023,CUST-32,PROD-9,40070,9,0.1,2003.5
ORD-1811,17-12-2023,22-12-2023,CUST-142,PROD-19,40735,7,0.29,5702.9
ORD-1812,08-02-2022,10-02-2022,CUST-107,PROD-47,1013,4,0.29,-141.82
ORD-1813,27-04-2023,01-05-2023,CUST-56,PROD-44,1019,6,0.3,152.85
ORD-1814,10-04-2022,15-04-2022,CUST-127,PROD-17,4429,1,0.02,575.77
ORD-1815,02-06-2023,05-06-2023,CUST-138,PROD-24,7106,10,0.14,-71.06
ORD-1816,13-02-2024,18-02-2024,CUST-49,PROD-23,2488,9,0.06,0
ORD-1817,28-04-2023,30-04-2023,CUST-109,PROD-2,47592,9,0.17,951.84
ORD-1818,18-06-2024,22-06-2024,CUST-49,PROD-23,6691,8,0.03,802.92
ORD-1819,04-03-2023,07-03-2023,CUST-115,PROD-5,20939,5,0.24,1884.51
ORD-1820,19-08-2022,24-08-2022,CUST-158,PROD-2,33029,7,0.23,2642.32
ORD-1821,23-07-2022,25-07-2022,CUST-1,PROD-50,38701,3,0.19,1548.04
ORD-1822,05-08-2022,10-08-2022,CUST-5,PROD-22,32070,1,0.06,2886.3
ORD-1823,23-02-2024,26-02-2024,CUST-15,PROD-47,41731,6,0.05,4173.1
ORD-1824,30-10-2022,03-11-2022,CUST-28,PROD-50,33450,3,0.29,4683
ORD-1825,01-12-2024,06-12-2024,CUST-7,PROD-26,28732,10,0.05,2873.2
ORD-1826,22-10-2024,27-10-2024,CUST-2,PROD-8,21399,4,0.17,427.98
ORD-1827,18-06-2023,20-06-2023,CUST-170,PROD-24,21807,10,0.03,2616.84
ORD-1828,06-12-2022,08-12-2022,CUST-85,PROD-44,39607,4,0.13,792.14
ORD-1829,09-07-2024,14-07-2024,CUST-72,PROD-43,6413,10,0.11,256.52
ORD-1830,15-05-2023,19-05-2023,CUST-32,PROD-38,21889,2,0.08,1532.23
ORD-1831,26-02-2023,03-03-2023,CUST-38,PROD-36,30236,9,0.24,2721.24
ORD-1832,08-01-2024,11-01-2024,CUST-191,PROD-45,30613,6,0.26,3367.43
ORD-1833,26-07-2024,31-07-2024,CUST-108,PROD-31,46447,2,0.09,2786.82
ORD-1834,27-08-2023,30-08-2023,CUST-46,PROD-43,14169,9,0.07,1133.52
ORD-1835,04-05-2023,07-05-2023,CUST-137,PROD-45,43707,1,0.19,1748.28
ORD-1836,01-01-2023,03-01-2023,CUST-81,PROD-10,11821,1,0.26,1300.31
ORD-1837,01-12-2022,04-12-2022,CUST-37,PROD-13,47312,7,0.16,473.12
ORD-1838,08-04-2022,11-04-2022,CUST-32,PROD-13,36921,2,0.12,1107.63
ORD-1839,19-01-2023,21-01-2023,CUST-178,PROD-21,11666,10,0.14,116.66
ORD-1840,04-12-2022,06-12-2022,CUST-123,PROD-24,11440,8,0.16,-114.4
ORD-1841,16-09-2024,21-09-2024,CUST-58,PROD-24,12480,2,0.06,1123.2
ORD-1842,05-04-2023,10-04-2023,CUST-114,PROD-37,31941,2,0.06,2874.69
ORD-1843,06-07-2023,10-07-2023,CUST-62,PROD-7,14738,8,0.27,1768.56
ORD-1844,21-09-2022,24-09-2022,CUST-141,PROD-18,15002,4,0.11,600.08
ORD-1845,07-10-2023,12-10-2023,CUST-119,PROD-5,28970,4,0.13,579.4
ORD-1846,18-10-2023,23-10-2023,CUST-39,PROD-13,40345,10,0.28,5244.85
ORD-1847,28-12-2024,01-01-2025,CUST-100,PROD-17,32136,2,0.23,2570.88
ORD-1848,10-03-2022,12-03-2022,CUST-31,PROD-48,11006,9,0.03,1320.72
ORD-1849,20-12-2024,25-12-2024,CUST-35,PROD-41,4660,9,0.01,652.4
ORD-1850,19-04-2023,22-04-2023,CUST-47,PROD-34,18265,6,0.27,2191.8
ORD-1851,01-10-2022,04-10-2022,CUST-128,PROD-2,23724,2,0.09,1423.44
ORD-1852,19-02-2023,24-02-2023,CUST-24,PROD-3,34754,2,0.28,4518.02
ORD-1853,24-10-2022,27-10-2022,CUST-115,PROD-7,6472,8,0.17,129.44
ORD-1854,24-07-2023,28-07-2023,CUST-72,PROD-34,3229,1,0.29,452.06
ORD-1855,24-03-2023,27-03-2023,CUST-3,PROD-16,7141,6,0.12,214.23
ORD-1856,22-11-2023,24-11-2023,CUST-118,PROD-12,49278,7,0.1,2463.9
ORD-1857,25-09-2022,27-09-2022,CUST-24,PROD-2,31982,5,0.08,2238.74
ORD-1858,27-10-2023,30-10-2023,CUST-169,PROD-30,35114,6,0.16,351.14
ORD-1859,16-03-2022,19-03-2022,CUST-91,PROD-18,23749,6,0.03,2849.88
ORD-1860,05-05-2023,07-05-2023,CUST-8,PROD-6,5720,6,0.2,286
ORD-1861,22-04-2022,24-04-2022,CUST-128,PROD-21,20454,10,0.22,1431.78
ORD-1862,19-11-2023,24-11-2023,CUST-41,PROD-17,33632,4,0.06,3026.88
ORD-1863,15-10-2022,20-10-2022,CUST-54,PROD-48,5104,4,0.19,204.16
ORD-1864,22-08-2022,24-08-2022,CUST-125,PROD-29,24222,7,0.13,484.44
ORD-1865,26-08-2023,29-08-2023,CUST-90,PROD-1,42790,7,0.25,4279
ORD-1866,10-09-2023,12-09-2023,CUST-55,PROD-20,20610,1,0.09,1236.6
ORD-1867,30-12-2024,03-01-2025,CUST-69,PROD-21,38037,6,0.3,5705.55
ORD-1868,06-06-2022,11-06-2022,CUST-167,PROD-49,48599,8,0.21,2915.94
ORD-1869,14-06-2022,18-06-2022,CUST-165,PROD-35,45992,10,0.03,5519.04
ORD-1870,29-10-2023,31-10-2023,CUST-63,PROD-25,41245,4,0.27,4949.4
ORD-1871,20-06-2022,25-06-2022,CUST-38,PROD-26,1773,3,0.24,159.57
ORD-1872,23-12-2023,27-12-2023,CUST-148,PROD-4,40352,4,0.19,1614.08
ORD-1873,24-11-2024,28-11-2024,CUST-1,PROD-12,27937,3,0.25,2793.7
ORD-1874,27-05-2022,29-05-2022,CUST-15,PROD-28,38820,9,0.23,3105.6
ORD-1875,09-01-2022,13-01-2022,CUST-36,PROD-39,19142,3,0.17,382.84
ORD-1876,07-06-2023,09-06-2023,CUST-50,PROD-17,528,9,0.3,79.2
ORD-1877,31-07-2024,02-08-2024,CUST-90,PROD-49,31913,5,0.13,638.26
ORD-1878,11-02-2023,15-02-2023,CUST-180,PROD-30,48428,8,0.02,6295.64
ORD-1879,25-11-2024,30-11-2024,CUST-152,PROD-44,38303,4,0.28,4979.39
ORD-1880,21-05-2023,25-05-2023,CUST-149,PROD-15,23696,2,0.01,3317.44
ORD-1881,04-06-2024,07-06-2024,CUST-16,PROD-28,11650,5,0.03,1398
ORD-1882,23-07-2022,25-07-2022,CUST-168,PROD-25,8601,9,0.22,602.07
ORD-1883,16-06-2024,18-06-2024,CUST-162,PROD-45,19430,1,0.23,1554.4
ORD-1884,11-06-2022,14-06-2022,CUST-96,PROD-12,21695,8,0.19,-867.8
ORD-1885,05-02-2023,07-02-2023,CUST-29,PROD-44,44900,7,0.24,-4041
ORD-1886,18-02-2024,23-02-2024,CUST-68,PROD-2,5649,4,0.17,112.98
ORD-1887,01-12-2024,05-12-2024,CUST-162,PROD-8,38169,5,0.14,381.69
ORD-1888,01-07-2024,03-07-2024,CUST-63,PROD-21,16988,4,0.19,679.52
ORD-1889,09-02-2024,14-02-2024,CUST-135,PROD-10,37035,10,0.25,3703.5
ORD-1890,15-03-2022,20-03-2022,CUST-62,PROD-26,28786,1,0.14,287.86
ORD-1891,09-08-2022,11-08-2022,CUST-150,PROD-11,32990,3,0.07,2639.2
ORD-1892,25-04-2024,28-04-2024,CUST-90,PROD-25,13006,7,0.08,910.42
ORD-1893,03-01-2022,05-01-2022,CUST-72,PROD-44,4608,3,0.23,368.64
ORD-1894,09-09-2023,12-09-2023,CUST-86,PROD-21,44355,3,0.05,4435.5
ORD-1895,12-02-2022,14-02-2022,CUST-52,PROD-23,49889,7,0,7483.35
ORD-1896,16-12-2024,19-12-2024,CUST-26,PROD-24,1681,6,0,252.15
ORD-1897,13-12-2022,17-12-2022,CUST-92,PROD-46,48082,9,0.09,2884.92
ORD-1898,09-10-2022,13-10-2022,CUST-184,PROD-48,6972,8,0.29,976.08
ORD-1899,30-03-2023,04-04-2023,CUST-88,PROD-49,25085,4,0.02,3261.05
ORD-1900,21-09-2023,26-09-2023,CUST-167,PROD-21,19884,8,0.15,0
ORD-1901,22-04-2024,26-04-2024,CUST-13,PROD-24,20096,4,0.29,2813.44
ORD-1902,24-06-2024,29-06-2024,CUST-2,PROD-8,31997,6,0.01,4479.58
ORD-1903,31-01-2023,02-02-2023,CUST-115,PROD-43,31250,4,0.25,3125
ORD-1904,04-03-2024,07-03-2024,CUST-5,PROD-24,30271,1,0.12,908.13
ORD-1905,21-11-2023,23-11-2023,CUST-165,PROD-22,38206,1,0.17,764.12
ORD-1906,13-11-2023,15-11-2023,CUST-33,PROD-4,10988,8,0.1,549.4
ORD-1907,12-09-2022,17-09-2022,CUST-183,PROD-20,44624,5,0.16,446.24
ORD-1908,24-10-2024,28-10-2024,CUST-173,PROD-46,32872,1,0.16,328.72
ORD-1909,15-07-2022,20-07-2022,CUST-107,PROD-17,15949,8,0.29,2232.86
ORD-1910,01-08-2022,03-08-2022,CUST-118,PROD-33,36717,4,0.14,367.17
ORD-1911,18-07-2023,22-07-2023,CUST-47,PROD-6,13726,5,0.17,274.52
ORD-1912,01-02-2024,05-02-2024,CUST-187,PROD-17,30309,3,0.26,3333.99
ORD-1913,05-06-2022,08-06-2022,CUST-145,PROD-16,12706,9,0.18,381.18
ORD-1914,12-11-2023,17-11-2023,CUST-53,PROD-35,40379,6,0.28,5249.27
ORD-1915,30-09-2022,05-10-2022,CUST-23,PROD-19,41486,5,0.04,4563.46
ORD-1916,07-10-2024,10-10-2024,CUST-185,PROD-39,9395,5,0.3,1409.25
ORD-1917,25-08-2024,28-08-2024,CUST-117,PROD-11,26106,1,0.28,3393.78
ORD-1918,19-04-2024,22-04-2024,CUST-182,PROD-8,45995,1,0.19,1839.8
ORD-1919,11-03-2023,14-03-2023,CUST-191,PROD-12,2013,3,0.15,0
ORD-1920,30-11-2024,03-12-2024,CUST-41,PROD-32,45818,8,0.1,2290.9
ORD-1921,25-10-2023,29-10-2023,CUST-13,PROD-35,20228,1,0.1,1011.4
ORD-1922,18-12-2024,21-12-2024,CUST-87,PROD-19,7695,7,0.23,615.6
ORD-1923,31-12-2023,03-01-2024,CUST-67,PROD-33,49784,2,0.04,5476.24
ORD-1924,16-11-2024,18-11-2024,CUST-47,PROD-30,45285,3,0.22,3169.95
ORD-1925,30-06-2022,03-07-2022,CUST-190,PROD-15,24298,8,0.09,1457.88
ORD-1926,20-10-2023,24-10-2023,CUST-5,PROD-45,36973,10,0.24,3327.57
ORD-1927,15-01-2024,19-01-2024,CUST-118,PROD-27,40112,3,0.06,3610.08
ORD-1928,30-03-2022,03-04-2022,CUST-31,PROD-44,22349,9,0.3,3352.35
ORD-1929,21-05-2024,26-05-2024,CUST-163,PROD-18,9998,5,0.09,599.88
ORD-1930,05-01-2022,09-01-2022,CUST-41,PROD-7,17494,1,0.3,2624.1
ORD-1931,11-12-2023,13-12-2023,CUST-39,PROD-12,17986,10,0.12,539.58
ORD-1932,29-12-2024,01-01-2025,CUST-161,PROD-26,14823,10,0.26,1630.53
ORD-1933,28-09-2022,02-10-2022,CUST-69,PROD-27,24311,7,0.26,2674.21
ORD-1934,03-02-2022,06-02-2022,CUST-113,PROD-2,18897,1,0.09,-1133.82
ORD-1935,06-05-2024,10-05-2024,CUST-86,PROD-24,22878,3,0.17,457.56
ORD-1936,04-03-2024,08-03-2024,CUST-148,PROD-14,6550,1,0.17,131
ORD-1937,20-08-2023,22-08-2023,CUST-122,PROD-37,44087,6,0.17,881.74
ORD-1938,24-09-2024,27-09-2024,CUST-103,PROD-33,31562,1,0.16,315.62
ORD-1939,24-01-2022,27-01-2022,CUST-184,PROD-7,23413,3,0.02,3043.69
ORD-1940,18-04-2024,22-04-2024,CUST-76,PROD-48,32544,1,0.24,2928.96
ORD-1941,25-05-2024,30-05-2024,CUST-16,PROD-32,20245,4,0.17,404.9
ORD-1942,08-08-2022,10-08-2022,CUST-70,PROD-4,18163,8,0.22,1271.41
ORD-1943,13-01-2024,17-01-2024,CUST-137,PROD-11,15689,2,0.1,784.45
ORD-1944,31-05-2023,05-06-2023,CUST-5,PROD-31,6296,9,0.24,566.64
ORD-1945,23-03-2023,27-03-2023,CUST-41,PROD-48,4055,10,0.03,486.6
ORD-1946,20-12-2023,22-12-2023,CUST-161,PROD-19,25381,1,0.15,0
ORD-1947,25-08-2024,27-08-2024,CUST-130,PROD-28,30849,1,0.21,-1850.94
ORD-1948,28-04-2024,02-05-2024,CUST-60,PROD-34,47598,10,0.19,1903.92
ORD-1949,14-01-2024,16-01-2024,CUST-149,PROD-40,26705,7,0.09,1602.3
ORD-1950,06-08-2022,10-08-2022,CUST-69,PROD-18,2612,2,0.29,365.68
ORD-1951,08-03-2023,10-03-2023,CUST-121,PROD-44,39081,7,0.22,2735.67
ORD-1952,22-10-2023,25-10-2023,CUST-71,PROD-34,8529,9,0.13,170.58
ORD-1953,10-01-2024,14-01-2024,CUST-117,PROD-9,4890,1,0.12,146.7
ORD-1954,01-01-2022,05-01-2022,CUST-130,PROD-41,12450,1,0.1,622.5
ORD-1955,11-04-2024,16-04-2024,CUST-88,PROD-29,28803,9,0.28,3744.39
ORD-1956,02-01-2022,07-01-2022,CUST-39,PROD-38,9289,9,0.22,650.23
ORD-1957,28-10-2023,02-11-2023,CUST-71,PROD-2,40659,7,0.23,3252.72
ORD-1958,05-01-2023,07-01-2023,CUST-112,PROD-8,5868,8,0.12,176.04
ORD-1959,16-10-2024,19-10-2024,CUST-7,PROD-9,30371,1,0.22,2125.97
ORD-1960,09-12-2023,13-12-2023,CUST-157,PROD-31,2869,1,0.03,344.28
ORD-1961,26-05-2024,31-05-2024,CUST-192,PROD-32,3489,4,0.12,104.67
ORD-1962,01-10-2022,04-10-2022,CUST-184,PROD-42,42596,6,0.24,3833.64
ORD-1963,24-02-2023,26-02-2023,CUST-122,PROD-11,18253,2,0.02,2372.89
ORD-1964,25-10-2024,29-10-2024,CUST-93,PROD-43,46720,8,0.09,2803.2
ORD-1965,25-10-2023,30-10-2023,CUST-72,PROD-4,31242,4,0.12,937.26
ORD-1966,30-12-2022,01-01-2023,CUST-174,PROD-29,16714,2,0.18,501.42
ORD-1967,11-10-2024,13-10-2024,CUST-199,PROD-46,4752,1,0.22,332.64
ORD-1968,11-01-2024,15-01-2024,CUST-34,PROD-1,24870,2,0.07,1989.6
ORD-1969,13-06-2023,16-06-2023,CUST-196,PROD-36,20427,10,0.16,204.27
ORD-1970,17-09-2024,20-09-2024,CUST-187,PROD-25,22127,6,0.11,885.08
ORD-1971,05-01-2024,09-01-2024,CUST-146,PROD-26,9581,5,0.02,1245.53
ORD-1972,20-12-2022,22-12-2022,CUST-97,PROD-9,49683,2,0.22,-3477.81
ORD-1973,02-03-2023,06-03-2023,CUST-180,PROD-44,39233,6,0.08,2746.31
ORD-1974,26-09-2023,01-10-2023,CUST-86,PROD-34,12100,8,0.02,1573
ORD-1975,12-03-2023,14-03-2023,CUST-90,PROD-44,43724,4,0.13,874.48
ORD-1976,20-05-2023,23-05-2023,CUST-75,PROD-46,36482,7,0.14,364.82
ORD-1977,27-05-2024,31-05-2024,CUST-114,PROD-36,42380,3,0.04,4661.8
ORD-1978,30-03-2024,02-04-2024,CUST-124,PROD-22,5126,6,0.11,205.04
ORD-1979,14-02-2024,18-02-2024,CUST-84,PROD-14,46406,7,0.12,1392.18
ORD-1980,23-03-2022,27-03-2022,CUST-128,PROD-17,34739,7,0.14,347.39
ORD-1981,10-02-2022,12-02-2022,CUST-166,PROD-27,10097,8,0.04,1110.67
ORD-1982,27-05-2024,29-05-2024,CUST-38,PROD-3,32726,1,0.27,3927.12
ORD-1983,18-12-2024,23-12-2024,CUST-66,PROD-10,29681,9,0.06,2671.29
ORD-1984,29-12-2023,31-12-2023,CUST-166,PROD-28,33578,8,0.06,3022.02
ORD-1985,24-09-2024,28-09-2024,CUST-151,PROD-33,31455,6,0.16,314.55
ORD-1986,07-08-2023,12-08-2023,CUST-13,PROD-14,23213,8,0.09,1392.78
ORD-1987,21-04-2022,24-04-2022,CUST-101,PROD-21,48605,7,0.14,486.05
ORD-1988,26-09-2024,01-10-2024,CUST-68,PROD-10,11163,10,0.14,111.63
ORD-1989,01-12-2023,05-12-2023,CUST-105,PROD-23,36287,1,0.09,2177.22
ORD-1990,30-09-2023,04-10-2023,CUST-47,PROD-47,38116,10,0.13,762.32
ORD-1991,10-06-2024,14-06-2024,CUST-85,PROD-5,34855,8,0.12,1045.65
ORD-1992,20-03-2022,22-03-2022,CUST-139,PROD-25,32965,7,0.09,1977.9
ORD-1993,27-09-2023,29-09-2023,CUST-96,PROD-44,43176,2,0,6476.4
ORD-1994,10-08-2023,12-08-2023,CUST-187,PROD-42,32163,10,0.1,1608.15
ORD-1995,05-08-2024,07-08-2024,CUST-186,PROD-36,36601,4,0.03,4392.12
ORD-1996,08-10-2023,10-10-2023,CUST-92,PROD-38,12328,6,0.01,1725.92
ORD-1997,25-11-2023,28-11-2023,CUST-129,PROD-1,38566,4,0.19,1542.64
ORD-1998,17-11-2023,19-11-2023,CUST-182,PROD-14,40135,8,0.3,6020.25
ORD-1999,18-10-2022,21-10-2022,CUST-8,PROD-45,6573,7,0.28,854.49
ORD-2000,06-01-2024,10-01-2024,CUST-49,PROD-28,45490,4,0.07,3639.2
ORD-2001,09-10-2024,11-10-2024,CUST-96,PROD-13,14245,8,0.02,1851.85
ORD-2002,10-06-2023,14-06-2023,CUST-109,PROD-3,11357,8,0.26,1249.27
ORD-2003,07-03-2023,10-03-2023,CUST-70,PROD-27,6292,10,0.14,62.92
ORD-2004,28-10-2022,01-11-2022,CUST-66,PROD-37,23752,6,0.04,2612.72
ORD-2005,21-08-2022,26-08-2022,CUST-15,PROD-11,31037,5,0.03,3724.44
ORD-2006,16-04-2022,18-04-2022,CUST-150,PROD-36,26589,9,0.24,2393.01
ORD-2007,25-01-2024,27-01-2024,CUST-103,PROD-26,42580,4,0.26,4683.8
ORD-2008,20-04-2022,23-04-2022,CUST-66,PROD-45,39777,7,0.22,2784.39
ORD-2009,25-11-2023,27-11-2023,CUST-126,PROD-50,11416,5,0.16,114.16
ORD-2010,29-12-2023,02-01-2024,CUST-90,PROD-49,4753,6,0.29,665.42
ORD-2011,17-10-2024,21-10-2024,CUST-86,PROD-31,47198,1,0.2,2359.9
ORD-2012,11-08-2024,13-08-2024,CUST-101,PROD-33,28061,10,0.02,3647.93
ORD-2013,23-08-2022,25-08-2022,CUST-172,PROD-12,38159,9,0.09,2289.54
ORD-2014,15-12-2022,20-12-2022,CUST-155,PROD-26,39630,7,0.03,4755.6
ORD-2015,11-10-2022,14-10-2022,CUST-116,PROD-4,41514,1,0.06,3736.26
ORD-2016,20-02-2023,24-02-2023,CUST-126,PROD-47,39929,7,0.27,4791.48
ORD-2017,19-03-2022,21-03-2022,CUST-20,PROD-4,4218,3,0.19,168.72
ORD-2018,07-01-2023,09-01-2023,CUST-138,PROD-1,25928,10,0.03,3111.36
ORD-2019,28-04-2022,02-05-2022,CUST-162,PROD-32,42335,3,0.08,2963.45
ORD-2020,21-03-2024,24-03-2024,CUST-35,PROD-18,31514,2,0.16,315.14
ORD-2021,29-08-2022,31-08-2022,CUST-82,PROD-40,13157,9,0.03,1578.84
ORD-2022,17-03-2023,22-03-2023,CUST-174,PROD-47,31004,4,0.09,1860.24
ORD-2023,03-03-2022,07-03-2022,CUST-46,PROD-22,37672,5,0.1,1883.6
ORD-2024,12-01-2024,17-01-2024,CUST-4,PROD-12,27401,8,0.01,3836.14
ORD-2025,12-01-2023,16-01-2023,CUST-27,PROD-29,35344,10,0.07,2827.52
ORD-2026,09-04-2022,14-04-2022,CUST-2,PROD-4,996,8,0.12,29.88
ORD-2027,18-03-2022,22-03-2022,CUST-101,PROD-12,7339,9,0.29,1027.46
ORD-2028,16-10-2023,20-10-2023,CUST-127,PROD-25,29816,2,0.07,2385.28
ORD-2029,26-12-2023,29-12-2023,CUST-78,PROD-47,39702,3,0.22,2779.14
ORD-2030,16-06-2022,21-06-2022,CUST-72,PROD-40,30079,7,0.06,2707.11
ORD-2031,21-10-2024,26-10-2024,CUST-27,PROD-10,49528,10,0.15,0
ORD-2032,25-03-2022,29-03-2022,CUST-51,PROD-10,47481,3,0.28,6172.53
ORD-2033,01-03-2022,05-03-2022,CUST-30,PROD-5,9726,9,0.21,583.56
ORD-2034,14-10-2023,19-10-2023,CUST-158,PROD-7,19031,5,0.04,2093.41
ORD-2035,02-07-2024,06-07-2024,CUST-6,PROD-12,45605,1,0.19,1824.2
ORD-2036,08-07-2022,11-07-2022,CUST-29,PROD-16,20355,8,0.02,2646.15
ORD-2037,06-02-2024,08-02-2024,CUST-118,PROD-28,38002,2,0.28,4940.26
ORD-2038,01-09-2023,04-09-2023,CUST-89,PROD-13,21528,4,0.21,1291.68
ORD-2039,12-08-2023,17-08-2023,CUST-106,PROD-18,1692,1,0.29,236.88
ORD-2040,26-02-2024,28-02-2024,CUST-35,PROD-38,48178,3,0.22,3372.46
ORD-2041,16-07-2023,19-07-2023,CUST-124,PROD-22,23249,1,0.19,929.96
ORD-2042,15-05-2023,20-05-2023,CUST-67,PROD-27,11068,5,0.1,553.4
ORD-2043,01-11-2022,03-11-2022,CUST-7,PROD-47,18054,2,0.07,1444.32
ORD-2044,25-08-2023,30-08-2023,CUST-164,PROD-16,28010,9,0.03,3361.2
ORD-2045,05-01-2023,08-01-2023,CUST-44,PROD-7,1372,10,0.3,205.8
ORD-2046,06-03-2022,10-03-2022,CUST-85,PROD-37,11876,2,0.22,831.32
ORD-2047,17-12-2022,20-12-2022,CUST-183,PROD-35,5093,3,0.1,254.65
ORD-2048,21-04-2023,25-04-2023,CUST-27,PROD-25,9095,2,0.15,0
ORD-2049,07-12-2022,11-12-2022,CUST-92,PROD-10,23629,5,0.14,236.29
ORD-2050,10-10-2024,14-10-2024,CUST-199,PROD-48,30456,4,0.25,3045.6
ORD-2051,16-06-2022,19-06-2022,CUST-194,PROD-13,37088,5,0.08,2596.16
ORD-2052,30-08-2022,01-09-2022,CUST-191,PROD-23,9522,8,0.01,1333.08
ORD-2053,28-07-2023,01-08-2023,CUST-127,PROD-18,26491,8,0.03,3178.92
ORD-2054,23-11-2023,27-11-2023,CUST-11,PROD-43,20696,2,0.24,1862.64
ORD-2055,15-09-2024,18-09-2024,CUST-147,PROD-8,46606,6,0.08,3262.42
ORD-2056,30-04-2023,02-05-2023,CUST-70,PROD-50,48328,5,0,7249.2
ORD-2057,21-01-2022,24-01-2022,CUST-123,PROD-46,11254,5,0.22,787.78
ORD-2058,04-10-2024,08-10-2024,CUST-11,PROD-46,5402,8,0.24,486.18
ORD-2059,03-12-2024,06-12-2024,CUST-75,PROD-29,29944,9,0.3,4491.6
ORD-2060,25-07-2023,28-07-2023,CUST-61,PROD-12,1819,9,0.18,54.57
ORD-2061,16-12-2023,18-12-2023,CUST-114,PROD-10,920,2,0.06,82.8
ORD-2062,24-09-2023,27-09-2023,CUST-14,PROD-10,32032,3,0.05,3203.2
ORD-2063,22-04-2023,24-04-2023,CUST-187,PROD-20,18084,3,0.14,180.84
ORD-2064,13-09-2023,16-09-2023,CUST-143,PROD-16,25313,1,0.1,-1265.65
ORD-2065,11-05-2023,14-05-2023,CUST-50,PROD-16,42460,3,0.02,5519.8
ORD-2066,13-05-2022,16-05-2022,CUST-51,PROD-27,34072,8,0.1,1703.6
ORD-2067,23-05-2022,25-05-2022,CUST-80,PROD-48,17059,10,0.17,341.18
ORD-2068,23-07-2023,27-07-2023,CUST-100,PROD-34,32158,5,0.17,643.16
ORD-2069,15-09-2024,17-09-2024,CUST-158,PROD-34,38455,1,0.15,0
ORD-2070,04-01-2023,09-01-2023,CUST-98,PROD-20,29023,7,0.26,3192.53
ORD-2071,30-01-2024,01-02-2024,CUST-7,PROD-10,25892,9,0.08,1812.44
ORD-2072,02-07-2022,05-07-2022,CUST-73,PROD-16,46143,8,0.28,5998.59
ORD-2073,08-09-2024,10-09-2024,CUST-178,PROD-19,44281,10,0.25,4428.1
ORD-2074,18-09-2022,21-09-2022,CUST-80,PROD-22,6334,3,0.28,823.42
ORD-2075,01-01-2023,03-01-2023,CUST-111,PROD-35,4661,3,0.24,419.49
ORD-2076,25-08-2024,29-08-2024,CUST-23,PROD-29,49067,10,0.23,3925.36
ORD-2077,11-04-2024,16-04-2024,CUST-102,PROD-50,26875,3,0.1,1343.75
ORD-2078,12-12-2023,16-12-2023,CUST-176,PROD-4,27824,8,0.14,278.24
ORD-2079,23-09-2024,28-09-2024,CUST-52,PROD-5,20027,2,0.03,2403.24
ORD-2080,25-07-2022,28-07-2022,CUST-66,PROD-45,7145,2,0.15,0
ORD-2081,23-03-2024,28-03-2024,CUST-1,PROD-12,6715,7,0.07,537.2
ORD-2082,01-12-2023,04-12-2023,CUST-10,PROD-41,30594,1,0.05,3059.4
ORD-2083,27-09-2023,01-10-2023,CUST-122,PROD-32,48423,1,0.02,6294.99
ORD-2084,08-08-2024,13-08-2024,CUST-119,PROD-27,48588,10,0.29,6802.32
ORD-2085,19-07-2024,22-07-2024,CUST-11,PROD-10,2279,4,0.16,22.79
ORD-2086,09-02-2024,12-02-2024,CUST-127,PROD-7,17527,6,0.18,525.81
ORD-2087,13-12-2024,15-12-2024,CUST-88,PROD-22,28598,7,0.04,-3145.78
ORD-2088,18-12-2024,21-12-2024,CUST-74,PROD-41,589,9,0.25,58.9
ORD-2089,12-12-2023,14-12-2023,CUST-99,PROD-8,27718,7,0.15,0
ORD-2090,13-06-2024,16-06-2024,CUST-92,PROD-2,14435,5,0.16,144.35
ORD-2091,22-06-2022,24-06-2022,CUST-200,PROD-15,31718,6,0.02,4123.34
ORD-2092,08-07-2022,12-07-2022,CUST-52,PROD-16,13328,9,0.26,1466.08
ORD-2093,28-03-2023,02-04-2023,CUST-110,PROD-17,39836,6,0.2,1991.8
ORD-2094,20-03-2022,25-03-2022,CUST-50,PROD-44,14870,7,0.27,1784.4
ORD-2095,15-08-2024,18-08-2024,CUST-2,PROD-2,14408,10,0.03,1728.96
ORD-2096,31-10-2024,02-11-2024,CUST-158,PROD-41,1160,10,0.25,116
ORD-2097,21-11-2023,24-11-2023,CUST-154,PROD-46,2588,7,0.14,25.88
ORD-2098,14-07-2022,19-07-2022,CUST-173,PROD-48,38940,3,0.15,0
ORD-2099,27-12-2022,29-12-2022,CUST-108,PROD-5,24239,1,0.04,-2666.29
ORD-2100,12-05-2022,16-05-2022,CUST-96,PROD-4,2551,1,0.01,357.14
ORD-2101,28-01-2023,31-01-2023,CUST-55,PROD-14,15353,9,0.29,2149.42
ORD-2102,11-11-2024,16-11-2024,CUST-117,PROD-32,28966,10,0.14,289.66
ORD-2103,11-02-2023,14-02-2023,CUST-9,PROD-20,43070,3,0.13,861.4
ORD-2104,31-10-2024,02-11-2024,CUST-117,PROD-20,10487,9,0.11,419.48
ORD-2105,05-09-2024,09-09-2024,CUST-164,PROD-27,42919,7,0.15,0
ORD-2106,08-04-2023,13-04-2023,CUST-19,PROD-32,7606,7,0.07,608.48
ORD-2107,20-12-2024,23-12-2024,CUST-177,PROD-3,41570,7,0.24,3741.3
ORD-2108,07-05-2024,09-05-2024,CUST-181,PROD-36,3697,3,0.04,406.67
ORD-2109,25-01-2022,29-01-2022,CUST-60,PROD-21,42894,5,0.05,4289.4
ORD-2110,09-10-2023,12-10-2023,CUST-119,PROD-43,22022,1,0.11,880.88
ORD-2111,16-07-2022,19-07-2022,CUST-156,PROD-11,10473,6,0.2,523.65
ORD-2112,02-12-2023,07-12-2023,CUST-75,PROD-10,33135,5,0.27,3976.2
ORD-2113,07-06-2022,12-06-2022,CUST-36,PROD-44,9561,5,0.12,286.83
ORD-2114,13-04-2023,18-04-2023,CUST-22,PROD-45,1746,7,0.2,87.3
ORD-2115,07-12-2023,10-12-2023,CUST-28,PROD-50,2466,2,0.19,98.64
ORD-2116,14-05-2023,17-05-2023,CUST-2,PROD-26,32863,5,0.29,4600.82
ORD-2117,03-12-2024,08-12-2024,CUST-72,PROD-15,7745,1,0.12,232.35
ORD-2118,09-03-2023,14-03-2023,CUST-41,PROD-34,10270,2,0.23,821.6
ORD-2119,13-09-2024,17-09-2024,CUST-49,PROD-1,11414,1,0.12,342.42
ORD-2120,24-07-2022,29-07-2022,CUST-48,PROD-18,36958,6,0.26,-4065.38
ORD-2121,01-02-2022,04-02-2022,CUST-194,PROD-7,39673,4,0.2,1983.65
ORD-2122,30-11-2023,03-12-2023,CUST-31,PROD-28,9273,4,0.1,463.65
ORD-2123,10-12-2024,15-12-2024,CUST-151,PROD-33,45959,7,0.07,3676.72
ORD-2124,23-05-2024,27-05-2024,CUST-142,PROD-21,44953,4,0.06,4045.77
ORD-2125,21-08-2022,23-08-2022,CUST-187,PROD-46,48072,8,0.06,4326.48
ORD-2126,14-09-2022,16-09-2022,CUST-111,PROD-27,3836,8,0.14,38.36
ORD-2127,10-03-2023,13-03-2023,CUST-36,PROD-22,17137,5,0.22,1199.59
ORD-2128,04-03-2022,09-03-2022,CUST-25,PROD-33,42559,8,0.22,2979.13
ORD-2129,15-08-2022,19-08-2022,CUST-124,PROD-3,13626,8,0.14,136.26
ORD-2130,18-04-2022,21-04-2022,CUST-183,PROD-9,35822,8,0.3,5373.3
ORD-2131,07-02-2023,10-02-2023,CUST-180,PROD-12,45795,2,0.08,3205.65
ORD-2132,24-06-2023,28-06-2023,CUST-157,PROD-43,34854,1,0.27,4182.48
ORD-2133,17-06-2024,21-06-2024,CUST-118,PROD-44,32485,2,0.2,1624.25
ORD-2134,06-03-2024,08-03-2024,CUST-194,PROD-9,20805,8,0.1,1040.25
ORD-2135,03-06-2023,05-06-2023,CUST-80,PROD-11,10137,7,0.11,405.48
ORD-2136,03-11-2022,05-11-2022,CUST-152,PROD-43,33990,4,0.13,679.8
ORD-2137,10-08-2022,12-08-2022,CUST-23,PROD-46,33689,2,0.28,4379.57
ORD-2138,05-08-2023,09-08-2023,CUST-126,PROD-3,46841,8,0.02,6089.33
ORD-2139,18-12-2024,21-12-2024,CUST-87,PROD-9,28771,10,0.01,4027.94
ORD-2140,17-11-2024,21-11-2024,CUST-63,PROD-4,41149,6,0.13,822.98
ORD-2141,22-10-2024,27-10-2024,CUST-114,PROD-31,16355,1,0.26,1799.05
ORD-2142,23-03-2023,28-03-2023,CUST-68,PROD-38,1296,10,0.27,155.52
ORD-2143,26-02-2023,01-03-2023,CUST-185,PROD-18,9923,7,0.18,297.69
ORD-2144,09-09-2024,14-09-2024,CUST-3,PROD-7,21797,7,0.3,3269.55
ORD-2145,22-10-2023,26-10-2023,CUST-54,PROD-22,2420,7,0.25,242
ORD-2146,07-10-2024,11-10-2024,CUST-65,PROD-45,13805,4,0.09,828.3
ORD-2147,08-11-2022,10-11-2022,CUST-40,PROD-43,37699,6,0.23,3015.92
ORD-2148,17-03-2022,20-03-2022,CUST-55,PROD-46,18678,3,0.08,1307.46
ORD-2149,17-09-2023,19-09-2023,CUST-40,PROD-39,4560,1,0.22,319.2
ORD-2150,23-07-2022,28-07-2022,CUST-118,PROD-40,36997,3,0.02,-4809.61
ORD-2151,10-03-2022,12-03-2022,CUST-115,PROD-44,48551,10,0.3,-7282.65
ORD-2152,20-09-2024,25-09-2024,CUST-85,PROD-33,43589,5,0.02,-5666.57
ORD-2153,14-10-2022,18-10-2022,CUST-111,PROD-25,39322,3,0.06,3538.98
ORD-2154,23-03-2023,25-03-2023,CUST-30,PROD-16,33938,10,0.04,3733.18
ORD-2155,17-02-2023,19-02-2023,CUST-56,PROD-17,45713,2,0.26,5028.43
ORD-2156,20-05-2023,24-05-2023,CUST-52,PROD-7,25265,10,0.19,1010.6
ORD-2157,21-02-2023,26-02-2023,CUST-75,PROD-32,4825,9,0.3,723.75
ORD-2158,04-04-2022,06-04-2022,CUST-74,PROD-8,24187,4,0.05,2418.7
ORD-2159,27-01-2023,30-01-2023,CUST-25,PROD-10,34346,6,0.19,1373.84
ORD-2160,10-02-2022,13-02-2022,CUST-173,PROD-32,33887,9,0.19,1355.48
ORD-2161,28-05-2024,31-05-2024,CUST-163,PROD-17,4562,8,0.09,273.72
ORD-2162,14-07-2023,17-07-2023,CUST-121,PROD-41,27999,3,0.17,559.98
ORD-2163,05-07-2022,09-07-2022,CUST-187,PROD-21,36145,5,0.12,1084.35
ORD-2164,28-07-2023,01-08-2023,CUST-26,PROD-32,36034,2,0.17,720.68
ORD-2165,11-08-2024,15-08-2024,CUST-16,PROD-35,8060,6,0.22,564.2
ORD-2166,19-11-2024,22-11-2024,CUST-185,PROD-26,48499,7,0.13,969.98
ORD-2167,24-02-2022,01-03-2022,CUST-42,PROD-17,20309,2,0.12,609.27
ORD-2168,18-09-2023,23-09-2023,CUST-147,PROD-9,6133,5,0.06,551.97
ORD-2169,21-01-2022,25-01-2022,CUST-5,PROD-11,41570,10,0.23,3325.6
ORD-2170,31-08-2024,02-09-2024,CUST-127,PROD-44,22662,9,0.19,906.48
ORD-2171,05-09-2024,09-09-2024,CUST-175,PROD-16,8631,3,0.13,172.62
ORD-2172,13-10-2024,17-10-2024,CUST-100,PROD-27,3754,1,0.22,262.78
ORD-2173,25-11-2024,30-11-2024,CUST-83,PROD-42,32410,5,0.28,4213.3
ORD-2174,24-10-2023,26-10-2023,CUST-87,PROD-21,33386,8,0.16,333.86
ORD-2175,12-09-2024,17-09-2024,CUST-187,PROD-6,26713,5,0.29,3739.82
ORD-2176,18-10-2022,21-10-2022,CUST-108,PROD-21,21201,4,0.25,2120.1
ORD-2177,17-11-2024,19-11-2024,CUST-60,PROD-49,47209,3,0.22,3304.63
ORD-2178,10-09-2023,14-09-2023,CUST-20,PROD-8,37237,7,0.17,744.74
ORD-2179,25-11-2022,28-11-2022,CUST-51,PROD-38,21963,10,0.21,1317.78
ORD-2180,22-05-2024,26-05-2024,CUST-17,PROD-47,28856,8,0.14,288.56
ORD-2181,30-01-2022,01-02-2022,CUST-159,PROD-22,49845,6,0.26,5482.95
ORD-2182,13-02-2022,17-02-2022,CUST-136,PROD-40,11928,3,0.07,954.24
ORD-2183,19-10-2023,22-10-2023,CUST-88,PROD-19,39133,9,0.29,5478.62
ORD-2184,24-09-2024,27-09-2024,CUST-82,PROD-48,36299,7,0.05,3629.9
ORD-2185,13-12-2023,18-12-2023,CUST-180,PROD-16,29873,8,0.12,896.19
ORD-2186,15-10-2024,19-10-2024,CUST-76,PROD-8,4687,5,0.14,46.87
ORD-2187,03-07-2022,05-07-2022,CUST-61,PROD-21,37753,5,0.26,4152.83
ORD-2188,20-11-2024,25-11-2024,CUST-110,PROD-19,5192,1,0.2,259.6
ORD-2189,18-02-2022,20-02-2022,CUST-77,PROD-4,45392,4,0.24,4085.28
ORD-2190,23-05-2022,28-05-2022,CUST-119,PROD-15,41820,1,0.19,1672.8
ORD-2191,05-08-2024,08-08-2024,CUST-65,PROD-10,22025,2,0.16,220.25
ORD-2192,02-07-2022,04-07-2022,CUST-93,PROD-45,40120,5,0.13,802.4
ORD-2193,29-09-2022,03-10-2022,CUST-184,PROD-19,10253,1,0.14,102.53
ORD-2194,15-10-2023,20-10-2023,CUST-140,PROD-5,8655,9,0.13,173.1
ORD-2195,28-12-2023,31-12-2023,CUST-124,PROD-6,32799,5,0.1,1639.95
ORD-2196,28-02-2022,04-03-2022,CUST-118,PROD-50,27834,9,0.18,835.02
ORD-2197,20-07-2024,24-07-2024,CUST-186,PROD-28,26346,2,0.15,0
ORD-2198,30-12-2022,02-01-2023,CUST-82,PROD-42,33571,7,0.09,2014.26
ORD-2199,28-06-2024,30-06-2024,CUST-137,PROD-5,35847,1,0.15,0
ORD-2200,29-11-2022,04-12-2022,CUST-90,PROD-39,36374,10,0.12,1091.22
ORD-2201,09-09-2023,11-09-2023,CUST-188,PROD-34,23940,10,0.18,718.2
ORD-2202,24-09-2023,29-09-2023,CUST-185,PROD-27,1585,6,0.1,79.25
ORD-2203,15-09-2022,19-09-2022,CUST-155,PROD-13,49145,2,0.1,2457.25
ORD-2204,09-11-2023,13-11-2023,CUST-50,PROD-9,41195,4,0.09,2471.7
ORD-2205,17-08-2024,20-08-2024,CUST-143,PROD-33,5788,9,0.08,405.16
ORD-2206,30-05-2023,03-06-2023,CUST-62,PROD-44,47133,5,0.18,1413.99
ORD-2207,15-10-2024,18-10-2024,CUST-116,PROD-48,44564,6,0.24,4010.76
ORD-2208,19-07-2023,21-07-2023,CUST-39,PROD-15,45628,7,0.19,1825.12
ORD-2209,31-05-2024,05-06-2024,CUST-26,PROD-41,22523,1,0.16,225.23
ORD-2210,26-06-2023,01-07-2023,CUST-182,PROD-15,4629,5,0.1,231.45
ORD-2211,12-06-2022,14-06-2022,CUST-72,PROD-24,35842,5,0.07,2867.36
ORD-2212,25-07-2024,27-07-2024,CUST-129,PROD-38,34965,6,0.07,2797.2
ORD-2213,19-10-2023,23-10-2023,CUST-118,PROD-21,18241,5,0.05,1824.1
ORD-2214,01-09-2023,06-09-2023,CUST-63,PROD-34,41861,4,0.06,3767.49
ORD-2215,12-11-2023,17-11-2023,CUST-19,PROD-36,12502,10,0.21,750.12
ORD-2216,08-02-2024,13-02-2024,CUST-179,PROD-40,4042,2,0.14,40.42
ORD-2217,16-06-2023,20-06-2023,CUST-24,PROD-25,34115,4,0.19,1364.6
ORD-2218,14-01-2022,16-01-2022,CUST-191,PROD-46,42894,3,0.06,3860.46
ORD-2219,30-12-2022,04-01-2023,CUST-3,PROD-13,46350,10,0.24,4171.5
ORD-2220,03-11-2023,05-11-2023,CUST-39,PROD-14,42380,6,0.14,423.8
ORD-2221,28-02-2022,05-03-2022,CUST-7,PROD-33,23832,6,0.06,2144.88
ORD-2222,16-09-2024,18-09-2024,CUST-160,PROD-39,43324,1,0.29,6065.36
ORD-2223,13-05-2023,16-05-2023,CUST-17,PROD-44,41349,3,0.23,3307.92
ORD-2224,09-08-2024,13-08-2024,CUST-64,PROD-46,40870,8,0.18,1226.1
ORD-2225,11-09-2024,14-09-2024,CUST-3,PROD-21,8488,10,0.27,1018.56
ORD-2226,09-10-2023,14-10-2023,CUST-59,PROD-13,7588,9,0.14,75.88
ORD-2227,13-02-2023,18-02-2023,CUST-19,PROD-39,42464,7,0.04,4671.04
ORD-2228,13-10-2022,17-10-2022,CUST-134,PROD-48,8903,6,0.17,178.06
ORD-2229,13-05-2023,15-05-2023,CUST-134,PROD-20,44065,10,0.29,6169.1
ORD-2230,09-09-2024,11-09-2024,CUST-24,PROD-18,11554,3,0.24,1039.86
ORD-2231,09-03-2024,12-03-2024,CUST-49,PROD-22,44120,7,0.18,1323.6
ORD-2232,18-05-2023,20-05-2023,CUST-66,PROD-49,37400,1,0.28,4862
ORD-2233,01-04-2024,05-04-2024,CUST-2,PROD-22,41873,4,0.07,3349.84
ORD-2234,13-05-2024,15-05-2024,CUST-108,PROD-21,47722,6,0.19,1908.88
ORD-2235,05-11-2024,08-11-2024,CUST-87,PROD-31,20066,10,0.13,401.32
ORD-2236,05-09-2023,10-09-2023,CUST-126,PROD-16,2813,7,0.05,281.3
ORD-2237,26-07-2022,30-07-2022,CUST-130,PROD-49,23701,8,0.2,1185.05
ORD-2238,19-09-2022,24-09-2022,CUST-90,PROD-1,35736,10,0.19,1429.44
ORD-2239,05-06-2024,09-06-2024,CUST-93,PROD-43,12914,4,0.18,387.42
ORD-2240,30-01-2023,01-02-2023,CUST-85,PROD-12,27050,3,0.03,3246
ORD-2241,28-07-2022,02-08-2022,CUST-121,PROD-17,49349,7,0.27,5921.88
ORD-2242,17-06-2023,22-06-2023,CUST-116,PROD-26,1741,1,0.23,139.28
ORD-2243,10-02-2024,14-02-2024,CUST-41,PROD-10,42888,10,0.29,6004.32
ORD-2244,09-05-2023,11-05-2023,CUST-121,PROD-2,19606,3,0.03,2352.72
ORD-2245,08-06-2024,10-06-2024,CUST-187,PROD-41,28464,3,0.04,3131.04
ORD-2246,10-06-2024,13-06-2024,CUST-5,PROD-43,29915,7,0.25,2991.5
ORD-2247,21-07-2022,23-07-2022,CUST-45,PROD-26,21504,10,0.23,1720.32
ORD-2248,21-01-2022,23-01-2022,CUST-52,PROD-46,35925,6,0.05,3592.5
ORD-2249,01-12-2023,06-12-2023,CUST-43,PROD-8,30150,6,0.13,603
ORD-2250,06-05-2023,08-05-2023,CUST-54,PROD-3,22189,1,0.05,2218.9
ORD-2251,02-11-2023,06-11-2023,CUST-55,PROD-23,15206,9,0.23,1216.48
ORD-2252,24-08-2024,28-08-2024,CUST-175,PROD-41,49255,7,0,7388.25
ORD-2253,11-12-2022,16-12-2022,CUST-35,PROD-20,24182,7,0.09,1450.92
ORD-2254,17-01-2022,21-01-2022,CUST-64,PROD-22,42891,10,0.17,857.82
ORD-2255,18-11-2024,23-11-2024,CUST-151,PROD-14,12510,3,0.24,1125.9
ORD-2256,05-09-2023,09-09-2023,CUST-128,PROD-39,13545,10,0.04,1489.95
ORD-2257,02-11-2023,06-11-2023,CUST-18,PROD-50,32484,7,0.1,1624.2
ORD-2258,26-08-2023,29-08-2023,CUST-126,PROD-35,37092,6,0.2,1854.6
ORD-2259,16-11-2022,18-11-2022,CUST-61,PROD-44,45682,3,0.1,2284.1
ORD-2260,25-05-2023,30-05-2023,CUST-175,PROD-23,38729,2,0.06,3485.61
ORD-2261,19-01-2024,22-01-2024,CUST-46,PROD-34,48564,7,0.01,6798.96
ORD-2262,05-02-2024,07-02-2024,CUST-56,PROD-19,45936,7,0.01,6431.04
ORD-2263,09-05-2024,12-05-2024,CUST-127,PROD-2,11579,7,0.01,1621.06
ORD-2264,01-07-2024,05-07-2024,CUST-78,PROD-9,10822,5,0.27,1298.64
ORD-2265,14-04-2024,19-04-2024,CUST-69,PROD-31,49706,10,0.16,497.06
ORD-2266,11-09-2022,16-09-2022,CUST-57,PROD-34,25814,6,0,3872.1
ORD-2267,24-10-2023,27-10-2023,CUST-6,PROD-38,1485,1,0.22,103.95
ORD-2268,25-01-2023,29-01-2023,CUST-31,PROD-32,29376,2,0.27,3525.12
ORD-2269,15-10-2024,19-10-2024,CUST-138,PROD-42,5407,7,0.03,648.84
ORD-2270,24-02-2023,28-02-2023,CUST-195,PROD-50,12158,3,0.21,729.48
ORD-2271,16-01-2022,20-01-2022,CUST-117,PROD-26,37912,9,0.17,758.24
ORD-2272,13-04-2024,15-04-2024,CUST-2,PROD-17,16137,8,0.21,968.22
ORD-2273,15-06-2024,18-06-2024,CUST-146,PROD-17,10053,5,0.12,301.59
ORD-2274,27-11-2022,01-12-2022,CUST-112,PROD-2,47161,7,0.24,4244.49
ORD-2275,10-11-2022,12-11-2022,CUST-160,PROD-38,45098,8,0.07,3607.84
ORD-2276,29-11-2023,01-12-2023,CUST-50,PROD-17,40761,4,0.08,2853.27
ORD-2277,17-03-2023,19-03-2023,CUST-71,PROD-9,30970,4,0.25,3097
ORD-2278,18-04-2024,20-04-2024,CUST-130,PROD-5,41823,7,0.26,4600.53
ORD-2279,15-06-2024,20-06-2024,CUST-38,PROD-3,44186,3,0.24,3976.74
ORD-2280,05-03-2022,10-03-2022,CUST-63,PROD-49,24390,8,0,3658.5
ORD-2281,22-07-2024,26-07-2024,CUST-53,PROD-6,36641,5,0.02,4763.33
ORD-2282,02-04-2022,07-04-2022,CUST-38,PROD-21,29712,1,0.18,891.36
ORD-2283,28-06-2022,01-07-2022,CUST-31,PROD-14,18013,8,0.04,1981.43
ORD-2284,17-11-2023,21-11-2023,CUST-199,PROD-20,22940,8,0.02,2982.2
ORD-2285,29-06-2022,03-07-2022,CUST-184,PROD-37,31384,7,0.02,4079.92
ORD-2286,24-02-2023,28-02-2023,CUST-27,PROD-6,47824,6,0.07,3825.92
ORD-2287,30-07-2024,03-08-2024,CUST-125,PROD-4,10854,1,0.09,651.24
ORD-2288,28-01-2023,31-01-2023,CUST-90,PROD-27,14178,8,0.17,283.56
ORD-2289,15-08-2023,18-08-2023,CUST-49,PROD-38,42668,6,0.13,853.36
ORD-2290,14-04-2022,16-04-2022,CUST-22,PROD-23,29265,4,0.23,2341.2
ORD-2291,06-06-2024,11-06-2024,CUST-150,PROD-2,19688,2,0.23,1575.04
ORD-2292,14-06-2023,18-06-2023,CUST-62,PROD-11,32636,6,0.22,2284.52
ORD-2293,23-07-2023,26-07-2023,CUST-116,PROD-24,38197,5,0.19,1527.88
ORD-2294,07-08-2023,11-08-2023,CUST-18,PROD-32,38378,10,0.15,0
ORD-2295,17-04-2023,20-04-2023,CUST-164,PROD-43,47517,5,0.11,1900.68
ORD-2296,17-06-2024,22-06-2024,CUST-108,PROD-9,44992,10,0.29,6298.88
ORD-2297,29-12-2024,03-01-2025,CUST-68,PROD-2,41899,10,0.1,2094.95
ORD-2298,18-08-2022,22-08-2022,CUST-76,PROD-30,30445,2,0.25,3044.5
ORD-2299,18-02-2023,20-02-2023,CUST-102,PROD-42,6370,2,0,955.5
ORD-2300,29-11-2023,03-12-2023,CUST-31,PROD-50,31931,3,0.15,0
ORD-2301,22-05-2022,24-05-2022,CUST-74,PROD-36,15730,3,0.28,2044.9
ORD-2302,29-08-2024,31-08-2024,CUST-91,PROD-42,16242,1,0.2,812.1
ORD-2303,16-01-2024,20-01-2024,CUST-89,PROD-32,12618,8,0.17,252.36
ORD-2304,29-01-2024,03-02-2024,CUST-157,PROD-36,33197,6,0.27,3983.64
ORD-2305,18-06-2022,21-06-2022,CUST-125,PROD-22,2268,7,0.26,249.48
ORD-2306,02-05-2023,06-05-2023,CUST-47,PROD-40,32839,5,0.26,3612.29
ORD-2307,29-12-2022,03-01-2023,CUST-114,PROD-15,43070,4,0.27,5168.4
ORD-2308,20-11-2024,25-11-2024,CUST-61,PROD-29,18213,5,0.05,1821.3
ORD-2309,04-06-2023,07-06-2023,CUST-17,PROD-5,43853,7,0.07,3508.24
ORD-2310,15-10-2024,20-10-2024,CUST-93,PROD-7,29296,5,0.13,585.92
ORD-2311,11-09-2024,14-09-2024,CUST-154,PROD-2,46025,3,0.1,2301.25
ORD-2312,10-01-2022,15-01-2022,CUST-166,PROD-16,1897,3,0.17,37.94
ORD-2313,27-08-2023,29-08-2023,CUST-17,PROD-31,31172,4,0.11,1246.88
ORD-2314,04-02-2022,07-02-2022,CUST-88,PROD-14,34613,1,0.26,3807.43
ORD-2315,31-07-2022,02-08-2022,CUST-193,PROD-38,40389,1,0.2,2019.45
ORD-2316,16-05-2022,19-05-2022,CUST-96,PROD-40,9083,5,0.28,1180.79
ORD-2317,30-07-2024,02-08-2024,CUST-88,PROD-5,5396,6,0.05,539.6
ORD-2318,26-11-2023,01-12-2023,CUST-45,PROD-49,27911,8,0.19,1116.44
ORD-2319,13-03-2024,16-03-2024,CUST-9,PROD-44,30074,1,0.17,601.48
ORD-2320,02-07-2024,04-07-2024,CUST-84,PROD-43,35373,1,0.07,2829.84
ORD-2321,09-07-2023,14-07-2023,CUST-181,PROD-37,15196,3,0.12,455.88
ORD-2322,10-06-2024,12-06-2024,CUST-38,PROD-16,7486,9,0.28,973.18
ORD-2323,12-04-2024,17-04-2024,CUST-48,PROD-20,13063,6,0.22,914.41
ORD-2324,24-11-2023,29-11-2023,CUST-94,PROD-17,17237,1,0.26,1896.07
ORD-2325,08-02-2022,11-02-2022,CUST-133,PROD-37,49361,2,0.23,3948.88
ORD-2326,20-02-2022,25-02-2022,CUST-29,PROD-32,9071,1,0.28,1179.23
ORD-2327,23-03-2022,25-03-2022,CUST-71,PROD-42,25121,8,0.23,2009.68
ORD-2328,28-04-2024,30-04-2024,CUST-126,PROD-24,37883,5,0.09,2272.98
ORD-2329,30-03-2023,02-04-2023,CUST-62,PROD-16,40743,6,0.07,3259.44
ORD-2330,26-10-2023,30-10-2023,CUST-37,PROD-37,23943,8,0.14,239.43
ORD-2331,11-01-2022,14-01-2022,CUST-93,PROD-41,4210,7,0.13,84.2
ORD-2332,12-01-2023,15-01-2023,CUST-123,PROD-14,2227,5,0.1,111.35
ORD-2333,25-09-2022,27-09-2022,CUST-155,PROD-35,42414,6,0.11,1696.56
ORD-2334,01-02-2022,04-02-2022,CUST-17,PROD-33,12518,8,0.22,876.26
ORD-2335,19-07-2023,23-07-2023,CUST-24,PROD-14,18561,2,0.09,1113.66
ORD-2336,30-04-2022,03-05-2022,CUST-197,PROD-8,4257,4,0.02,553.41
ORD-2337,21-02-2023,24-02-2023,CUST-66,PROD-18,26288,9,0.12,788.64
ORD-2338,25-04-2022,27-04-2022,CUST-27,PROD-10,15608,8,0.04,1716.88
ORD-2339,05-06-2023,07-06-2023,CUST-50,PROD-5,5166,7,0.08,361.62
ORD-2340,29-05-2023,01-06-2023,CUST-141,PROD-47,33809,7,0,5071.35
ORD-2341,04-05-2023,08-05-2023,CUST-49,PROD-7,41071,10,0.26,4517.81
ORD-2342,29-12-2024,01-01-2025,CUST-194,PROD-8,40084,9,0.24,3607.56
ORD-2343,16-09-2023,21-09-2023,CUST-28,PROD-4,43135,8,0.04,4744.85
ORD-2344,13-04-2023,16-04-2023,CUST-107,PROD-8,3387,7,0.16,33.87
ORD-2345,13-04-2024,17-04-2024,CUST-87,PROD-19,47896,4,0.03,5747.52
ORD-2346,18-06-2024,20-06-2024,CUST-52,PROD-10,16223,4,0.12,486.69
ORD-2347,13-12-2023,17-12-2023,CUST-23,PROD-20,46233,2,0,6934.95
ORD-2348,26-10-2024,31-10-2024,CUST-74,PROD-14,42845,9,0.27,5141.4
ORD-2349,04-12-2024,09-12-2024,CUST-109,PROD-48,18904,4,0.13,378.08
ORD-2350,14-08-2024,16-08-2024,CUST-76,PROD-46,6715,5,0.14,67.15
ORD-2351,10-03-2022,12-03-2022,CUST-30,PROD-8,26756,7,0.03,3210.72
ORD-2352,07-05-2022,10-05-2022,CUST-181,PROD-41,34170,5,0.2,1708.5
ORD-2353,06-05-2022,11-05-2022,CUST-33,PROD-50,16436,4,0.14,164.36
ORD-2354,16-01-2024,19-01-2024,CUST-71,PROD-9,7857,8,0.26,864.27
ORD-2355,21-02-2024,24-02-2024,CUST-196,PROD-25,47502,9,0.06,4275.18
ORD-2356,30-11-2022,02-12-2022,CUST-173,PROD-47,20395,10,0.05,2039.5
ORD-2357,21-04-2024,24-04-2024,CUST-150,PROD-2,42511,4,0.02,5526.43
ORD-2358,10-06-2022,15-06-2022,CUST-17,PROD-40,39509,5,0.13,790.18
ORD-2359,22-07-2023,26-07-2023,CUST-11,PROD-48,5798,1,0.1,289.9
ORD-2360,04-04-2022,09-04-2022,CUST-115,PROD-3,21292,1,0.22,1490.44
ORD-2361,18-01-2022,22-01-2022,CUST-70,PROD-44,23387,6,0.19,935.48
ORD-2362,03-04-2023,07-04-2023,CUST-62,PROD-8,24519,2,0.18,735.57
ORD-2363,05-01-2022,10-01-2022,CUST-83,PROD-46,29516,5,0.25,2951.6
ORD-2364,06-06-2024,11-06-2024,CUST-54,PROD-45,6517,8,0.07,521.36
ORD-2365,13-10-2024,18-10-2024,CUST-147,PROD-28,44286,7,0.19,1771.44
ORD-2366,11-01-2023,16-01-2023,CUST-68,PROD-23,35110,4,0.02,4564.3
ORD-2367,11-04-2024,13-04-2024,CUST-99,PROD-29,33920,9,0.17,678.4
ORD-2368,29-04-2023,02-05-2023,CUST-173,PROD-43,34072,2,0.29,4770.08
ORD-2369,14-07-2022,18-07-2022,CUST-66,PROD-44,28657,5,0.15,0
ORD-2370,27-05-2023,31-05-2023,CUST-82,PROD-30,42448,10,0.03,5093.76
ORD-2371,28-07-2022,31-07-2022,CUST-69,PROD-27,36270,9,0.07,2901.6
ORD-2372,08-11-2023,13-11-2023,CUST-98,PROD-9,27056,10,0.08,1893.92
ORD-2373,30-07-2023,01-08-2023,CUST-155,PROD-34,10584,6,0.16,105.84
ORD-2374,28-01-2024,02-02-2024,CUST-68,PROD-9,14301,7,0.06,1287.09
ORD-2375,21-01-2022,25-01-2022,CUST-130,PROD-23,6777,2,0.04,745.47
ORD-2376,16-09-2023,19-09-2023,CUST-17,PROD-22,23604,2,0.01,3304.56
ORD-2377,12-04-2022,16-04-2022,CUST-108,PROD-20,42904,7,0.1,2145.2
ORD-2378,27-03-2023,30-03-2023,CUST-105,PROD-11,34754,1,0.1,1737.7
ORD-2379,09-05-2022,13-05-2022,CUST-189,PROD-45,7565,2,0.25,756.5
ORD-2380,06-11-2023,10-11-2023,CUST-191,PROD-20,43511,1,0.05,4351.1
ORD-2381,20-10-2022,23-10-2022,CUST-71,PROD-14,34953,7,0.09,2097.18
ORD-2382,21-02-2024,26-02-2024,CUST-80,PROD-16,876,4,0.07,70.08
ORD-2383,27-09-2023,29-09-2023,CUST-36,PROD-8,34407,3,0.24,3096.63
ORD-2384,10-03-2023,13-03-2023,CUST-104,PROD-18,21033,6,0.26,2313.63
ORD-2385,13-05-2024,15-05-2024,CUST-194,PROD-30,44770,2,0.15,0
ORD-2386,16-01-2024,20-01-2024,CUST-14,PROD-11,43112,4,0.29,6035.68
ORD-2387,12-05-2023,15-05-2023,CUST-164,PROD-10,25929,2,0.21,1555.74
ORD-2388,17-01-2022,20-01-2022,CUST-49,PROD-17,14921,6,0.07,1193.68
ORD-2389,13-02-2024,16-02-2024,CUST-168,PROD-31,18757,6,0.06,1688.13
ORD-2390,18-05-2024,20-05-2024,CUST-52,PROD-14,19164,9,0.25,1916.4
ORD-2391,29-06-2024,04-07-2024,CUST-173,PROD-27,23245,9,0.08,1627.15
ORD-2392,07-02-2023,09-02-2023,CUST-145,PROD-32,8809,6,0.03,1057.08
ORD-2393,27-10-2024,01-11-2024,CUST-48,PROD-39,40201,3,0.24,3618.09
ORD-2394,13-04-2024,16-04-2024,CUST-113,PROD-44,7454,6,0.02,969.02
ORD-2395,21-06-2022,25-06-2022,CUST-174,PROD-1,21829,6,0.3,3274.35
ORD-2396,20-04-2023,23-04-2023,CUST-143,PROD-41,5139,8,0.22,359.73
ORD-2397,10-08-2023,13-08-2023,CUST-106,PROD-7,37812,7,0.09,2268.72
ORD-2398,05-06-2024,09-06-2024,CUST-157,PROD-29,42196,2,0.26,4641.56
ORD-2399,09-11-2022,14-11-2022,CUST-53,PROD-36,13918,10,0.24,1252.62
ORD-2400,25-12-2023,30-12-2023,CUST-44,PROD-1,32072,3,0.18,962.16
ORD-2401,08-04-2022,13-04-2022,CUST-147,PROD-11,13794,7,0.09,827.64
ORD-2402,06-05-2023,08-05-2023,CUST-106,PROD-30,9677,3,0.19,387.08
ORD-2403,20-05-2023,24-05-2023,CUST-162,PROD-47,42812,10,0.27,5137.44
ORD-2404,24-09-2022,28-09-2022,CUST-160,PROD-28,7359,8,0.07,588.72
ORD-2405,21-02-2022,26-02-2022,CUST-109,PROD-48,16276,1,0.02,2115.88
ORD-2406,27-02-2023,01-03-2023,CUST-157,PROD-19,12883,10,0.11,515.32
ORD-2407,14-06-2024,18-06-2024,CUST-14,PROD-7,45015,2,0.23,3601.2
ORD-2408,13-12-2024,16-12-2024,CUST-42,PROD-46,31512,6,0.25,3151.2
ORD-2409,09-03-2024,12-03-2024,CUST-3,PROD-26,28176,9,0.27,3381.12
ORD-2410,26-01-2024,30-01-2024,CUST-39,PROD-21,15272,9,0.21,916.32
ORD-2411,18-05-2023,22-05-2023,CUST-77,PROD-12,36305,4,0.29,5082.7
ORD-2412,05-05-2023,09-05-2023,CUST-70,PROD-15,18920,3,0.07,1513.6
ORD-2413,16-07-2023,18-07-2023,CUST-138,PROD-4,6648,4,0.13,132.96
ORD-2414,28-10-2024,02-11-2024,CUST-166,PROD-31,20916,5,0.11,836.64
ORD-2415,19-03-2023,21-03-2023,CUST-180,PROD-26,6670,6,0.16,66.7
ORD-2416,18-04-2022,22-04-2022,CUST-106,PROD-30,3563,1,0.25,356.3
ORD-2417,08-03-2024,12-03-2024,CUST-66,PROD-19,18456,10,0.26,2030.16
ORD-2418,13-08-2024,16-08-2024,CUST-99,PROD-3,7317,9,0.05,731.7
ORD-2419,13-11-2023,18-11-2023,CUST-113,PROD-5,18252,8,0.11,730.08
ORD-2420,02-09-2022,07-09-2022,CUST-154,PROD-24,17709,9,0.11,708.36
ORD-2421,17-06-2024,21-06-2024,CUST-158,PROD-1,49475,1,0.22,3463.25
ORD-2422,29-04-2024,04-05-2024,CUST-186,PROD-14,30496,8,0.03,3659.52
ORD-2423,16-10-2022,18-10-2022,CUST-90,PROD-8,15405,4,0.28,2002.65
ORD-2424,13-04-2024,17-04-2024,CUST-175,PROD-25,33214,2,0.08,2324.98
ORD-2425,21-09-2024,23-09-2024,CUST-164,PROD-15,24268,8,0.15,0
ORD-2426,10-11-2023,14-11-2023,CUST-17,PROD-2,13474,5,0.03,1616.88
ORD-2427,15-09-2024,20-09-2024,CUST-115,PROD-23,39641,4,0.03,4756.92
ORD-2428,30-11-2023,03-12-2023,CUST-44,PROD-17,48736,8,0.02,6335.68
ORD-2429,04-05-2022,08-05-2022,CUST-179,PROD-6,23659,9,0.15,0
ORD-2430,27-04-2022,01-05-2022,CUST-63,PROD-32,48109,6,0.12,1443.27
ORD-2431,21-04-2022,26-04-2022,CUST-117,PROD-43,47073,2,0.08,3295.11
ORD-2432,14-07-2022,16-07-2022,CUST-104,PROD-10,7965,5,0.05,796.5
ORD-2433,02-07-2022,05-07-2022,CUST-166,PROD-34,17834,4,0.15,0
ORD-2434,24-09-2022,28-09-2022,CUST-135,PROD-49,43136,4,0.1,2156.8
ORD-2435,14-09-2024,17-09-2024,CUST-95,PROD-25,1176,10,0.06,105.84
ORD-2436,08-11-2024,13-11-2024,CUST-16,PROD-28,33260,2,0.13,665.2
ORD-2437,09-01-2022,11-01-2022,CUST-107,PROD-10,25733,6,0.17,514.66
ORD-2438,17-12-2023,20-12-2023,CUST-99,PROD-31,46055,9,0.27,5526.6
ORD-2439,07-07-2024,11-07-2024,CUST-17,PROD-5,13985,9,0.06,1258.65
ORD-2440,11-09-2023,14-09-2023,CUST-148,PROD-24,16413,1,0,2461.95
ORD-2441,03-11-2022,06-11-2022,CUST-85,PROD-21,4935,2,0.23,394.8
ORD-2442,14-03-2023,16-03-2023,CUST-191,PROD-33,23324,6,0.16,233.24
ORD-2443,05-02-2023,09-02-2023,CUST-89,PROD-40,28625,1,0.3,4293.75
ORD-2444,16-05-2024,18-05-2024,CUST-200,PROD-47,44460,2,0.27,5335.2
ORD-2445,17-10-2022,20-10-2022,CUST-39,PROD-10,31892,10,0.05,3189.2
ORD-2446,13-11-2022,16-11-2022,CUST-27,PROD-16,33775,10,0.28,4390.75
ORD-2447,28-04-2022,02-05-2022,CUST-119,PROD-35,25629,10,0.12,768.87
ORD-2448,30-08-2022,03-09-2022,CUST-173,PROD-22,23692,4,0.07,1895.36
ORD-2449,13-06-2023,17-06-2023,CUST-190,PROD-21,37121,2,0.14,371.21
ORD-2450,15-10-2024,17-10-2024,CUST-167,PROD-6,45253,3,0.18,1357.59
ORD-2451,16-02-2022,20-02-2022,CUST-103,PROD-5,18655,3,0.11,746.2
ORD-2452,17-12-2024,22-12-2024,CUST-89,PROD-34,26240,7,0.15,0
ORD-2453,14-10-2023,18-10-2023,CUST-7,PROD-46,32794,1,0.29,4591.16
ORD-2454,05-05-2023,07-05-2023,CUST-178,PROD-31,39193,5,0.11,1567.72
ORD-2455,12-09-2024,17-09-2024,CUST-150,PROD-16,13370,1,0.22,935.9
ORD-2456,29-08-2022,02-09-2022,CUST-184,PROD-50,35532,8,0.12,1065.96
ORD-2457,09-12-2024,14-12-2024,CUST-33,PROD-16,37383,9,0.26,4112.13
ORD-2458,31-05-2023,02-06-2023,CUST-126,PROD-21,9773,2,0.13,195.46
ORD-2459,11-12-2024,14-12-2024,CUST-118,PROD-15,24974,2,0.24,2247.66
ORD-2460,31-03-2023,02-04-2023,CUST-73,PROD-9,6607,10,0.24,594.63
ORD-2461,01-05-2023,04-05-2023,CUST-148,PROD-26,15663,7,0.28,2036.19
ORD-2462,14-12-2024,18-12-2024,CUST-139,PROD-35,11943,1,0.06,1074.87
ORD-2463,28-02-2022,04-03-2022,CUST-127,PROD-7,9764,5,0.12,292.92
ORD-2464,03-10-2023,08-10-2023,CUST-101,PROD-25,26404,2,0.06,2376.36
ORD-2465,01-03-2023,04-03-2023,CUST-131,PROD-41,49507,8,0.28,6435.91
ORD-2466,02-06-2024,07-06-2024,CUST-147,PROD-18,41512,7,0.09,2490.72
ORD-2467,14-07-2024,19-07-2024,CUST-84,PROD-20,28705,6,0.03,3444.6
ORD-2468,26-03-2024,29-03-2024,CUST-173,PROD-26,18297,8,0.3,2744.55
ORD-2469,22-04-2022,26-04-2022,CUST-116,PROD-26,7087,5,0.12,212.61
ORD-2470,12-12-2024,16-12-2024,CUST-43,PROD-31,24077,5,0,3611.55
ORD-2471,07-04-2022,10-04-2022,CUST-1,PROD-17,5774,7,0.06,519.66
ORD-2472,22-03-2022,27-03-2022,CUST-187,PROD-4,7831,8,0.17,156.62
ORD-2473,04-03-2022,08-03-2022,CUST-175,PROD-12,43544,10,0.1,2177.2
ORD-2474,04-04-2024,08-04-2024,CUST-181,PROD-37,28524,9,0.04,3137.64
ORD-2475,11-10-2024,14-10-2024,CUST-198,PROD-13,6335,5,0.14,63.35
ORD-2476,18-07-2022,23-07-2022,CUST-160,PROD-16,30247,8,0.27,3629.64
ORD-2477,24-06-2023,27-06-2023,CUST-130,PROD-45,27181,9,0.08,1902.67
ORD-2478,01-11-2023,04-11-2023,CUST-24,PROD-50,33382,5,0.27,4005.84
ORD-2479,10-06-2024,14-06-2024,CUST-170,PROD-29,42796,4,0.24,3851.64
ORD-2480,27-08-2024,31-08-2024,CUST-184,PROD-37,48451,6,0.09,2907.06
ORD-2481,03-11-2024,06-11-2024,CUST-66,PROD-39,11257,9,0.21,675.42
ORD-2482,07-01-2022,10-01-2022,CUST-163,PROD-29,26218,3,0.26,2883.98
ORD-2483,23-07-2023,26-07-2023,CUST-142,PROD-17,23366,9,0.09,1401.96
ORD-2484,23-01-2023,27-01-2023,CUST-160,PROD-19,36879,1,0.16,368.79
ORD-2485,14-11-2022,18-11-2022,CUST-53,PROD-17,7989,2,0.02,1038.57
ORD-2486,31-05-2024,05-06-2024,CUST-27,PROD-11,8775,3,0.09,526.5
ORD-2487,26-07-2022,28-07-2022,CUST-102,PROD-7,6813,2,0.08,476.91
ORD-2488,14-01-2022,19-01-2022,CUST-17,PROD-40,15227,5,0.09,913.62
ORD-2489,13-08-2022,17-08-2022,CUST-197,PROD-6,47028,9,0.2,2351.4
ORD-2490,14-04-2022,19-04-2022,CUST-130,PROD-38,47586,4,0.24,4282.74
ORD-2491,17-04-2023,19-04-2023,CUST-166,PROD-24,3721,3,0.03,446.52
ORD-2492,22-05-2022,26-05-2022,CUST-40,PROD-35,24042,6,0.26,2644.62
ORD-2493,25-12-2024,27-12-2024,CUST-33,PROD-7,27444,1,0.23,2195.52
ORD-2494,09-09-2024,11-09-2024,CUST-185,PROD-27,37709,10,0.01,5279.26
ORD-2495,25-01-2023,28-01-2023,CUST-25,PROD-20,30317,3,0.11,1212.68
ORD-2496,20-09-2024,22-09-2024,CUST-4,PROD-41,36186,10,0.01,5066.04
ORD-2497,31-10-2024,02-11-2024,CUST-72,PROD-46,6970,5,0.29,975.8
ORD-2498,06-09-2024,10-09-2024,CUST-127,PROD-32,27241,1,0.02,3541.33
ORD-2499,23-07-2024,28-07-2024,CUST-62,PROD-13,31369,10,0.03,3764.28
ORD-2500,08-08-2023,12-08-2023,CUST-186,PROD-24,28334,2,0.19,1133.36
ORD-2501,27-12-2022,29-12-2022,CUST-17,PROD-31,42872,7,0.11,1714.88
ORD-2502,03-07-2022,06-07-2022,CUST-135,PROD-9,42258,6,0.29,5916.12
ORD-2503,04-03-2022,08-03-2022,CUST-162,PROD-38,3442,1,0.01,481.88
ORD-2504,13-03-2022,16-03-2022,CUST-167,PROD-48,43643,1,0.1,2182.15
ORD-2505,09-06-2022,14-06-2022,CUST-40,PROD-37,27417,4,0.23,2193.36
ORD-2506,01-07-2023,05-07-2023,CUST-37,PROD-24,12725,9,0.13,254.5
ORD-2507,08-12-2022,11-12-2022,CUST-160,PROD-11,42533,7,0.3,6379.95
ORD-2508,12-05-2023,17-05-2023,CUST-158,PROD-23,13728,2,0.29,1921.92
ORD-2509,25-07-2022,27-07-2022,CUST-197,PROD-34,4377,7,0.12,131.31
ORD-2510,24-09-2024,28-09-2024,CUST-160,PROD-38,20862,2,0.21,1251.72
ORD-2511,08-09-2024,13-09-2024,CUST-151,PROD-25,6651,9,0.08,465.57
ORD-2512,14-02-2022,17-02-2022,CUST-155,PROD-25,6321,8,0.29,884.94
ORD-2513,29-09-2023,04-10-2023,CUST-166,PROD-29,48632,4,0.26,5349.52
ORD-2514,26-04-2024,29-04-2024,CUST-171,PROD-3,21971,3,0.21,1318.26
ORD-2515,11-06-2023,16-06-2023,CUST-181,PROD-27,44742,9,0.29,6263.88
ORD-2516,10-08-2023,14-08-2023,CUST-66,PROD-44,14383,3,0.2,719.15
ORD-2517,18-05-2022,20-05-2022,CUST-165,PROD-42,10757,3,0.26,1183.27
ORD-2518,04-03-2022,07-03-2022,CUST-48,PROD-1,47052,2,0.24,4234.68
ORD-2519,18-08-2022,21-08-2022,CUST-42,PROD-11,6089,10,0.16,60.89
ORD-2520,26-02-2022,02-03-2022,CUST-25,PROD-21,46123,5,0.19,1844.92
ORD-2521,11-03-2022,15-03-2022,CUST-176,PROD-23,5981,10,0.02,777.53
ORD-2522,04-12-2022,08-12-2022,CUST-181,PROD-26,38667,8,0.01,5413.38
ORD-2523,15-02-2022,20-02-2022,CUST-61,PROD-33,4813,2,0.27,577.56
ORD-2524,07-09-2023,11-09-2023,CUST-17,PROD-5,27261,1,0.03,3271.32
ORD-2525,21-11-2024,23-11-2024,CUST-24,PROD-14,41997,5,0.17,839.94
ORD-2526,05-12-2022,09-12-2022,CUST-37,PROD-1,42316,9,0.14,423.16
ORD-2527,16-08-2024,21-08-2024,CUST-56,PROD-44,46798,5,0.08,3275.86
ORD-2528,17-08-2024,20-08-2024,CUST-96,PROD-45,39724,10,0.04,4369.64
ORD-2529,17-04-2023,19-04-2023,CUST-13,PROD-28,18575,9,0.27,2229
ORD-2530,19-09-2022,24-09-2022,CUST-137,PROD-36,17636,1,0.11,705.44
ORD-2531,01-10-2023,04-10-2023,CUST-135,PROD-20,1363,9,0.16,13.63
ORD-2532,02-12-2023,07-12-2023,CUST-92,PROD-29,33454,2,0.07,2676.32
ORD-2533,26-02-2024,29-02-2024,CUST-10,PROD-34,5322,5,0.15,0
ORD-2534,28-07-2022,01-08-2022,CUST-89,PROD-48,4527,7,0.29,633.78
ORD-2535,16-12-2022,19-12-2022,CUST-44,PROD-15,23619,9,0.07,1889.52
ORD-2536,11-01-2022,14-01-2022,CUST-64,PROD-4,44367,4,0.05,4436.7
ORD-2537,25-01-2022,30-01-2022,CUST-109,PROD-16,48450,2,0.02,6298.5
ORD-2538,02-06-2024,05-06-2024,CUST-188,PROD-42,23415,4,0.15,0
ORD-2539,10-02-2023,15-02-2023,CUST-65,PROD-13,12023,8,0.21,721.38
ORD-2540,21-08-2022,23-08-2022,CUST-54,PROD-31,25379,8,0.18,761.37
ORD-2541,26-10-2024,31-10-2024,CUST-169,PROD-39,20118,6,0.12,603.54
ORD-2542,22-08-2022,27-08-2022,CUST-107,PROD-23,13373,4,0.18,401.19
ORD-2543,06-08-2022,11-08-2022,CUST-103,PROD-12,12515,10,0.24,1126.35
ORD-2544,22-08-2023,25-08-2023,CUST-150,PROD-21,12613,4,0.13,252.26
ORD-2545,20-04-2024,22-04-2024,CUST-182,PROD-18,28381,6,0.11,1135.24
ORD-2546,29-04-2024,03-05-2024,CUST-33,PROD-44,909,10,0.03,109.08
ORD-2547,21-12-2023,23-12-2023,CUST-31,PROD-37,8714,7,0.3,1307.1
ORD-2548,06-01-2024,11-01-2024,CUST-161,PROD-33,3367,3,0.13,67.34
ORD-2549,16-06-2023,19-06-2023,CUST-19,PROD-22,29190,7,0.28,3794.7
ORD-2550,09-05-2023,14-05-2023,CUST-7,PROD-24,37073,1,0.2,1853.65
ORD-2551,06-05-2024,08-05-2024,CUST-189,PROD-36,12200,5,0.2,610
ORD-2552,21-01-2022,26-01-2022,CUST-181,PROD-7,4560,7,0.29,638.4
ORD-2553,21-08-2023,25-08-2023,CUST-39,PROD-7,9988,4,0.13,199.76
ORD-2554,29-12-2022,01-01-2023,CUST-85,PROD-44,40889,6,0.07,3271.12
ORD-2555,15-05-2022,19-05-2022,CUST-189,PROD-24,13512,7,0.19,540.48
ORD-2556,07-07-2022,12-07-2022,CUST-196,PROD-26,15191,6,0.1,759.55
ORD-2557,11-02-2024,13-02-2024,CUST-105,PROD-26,18406,5,0.23,1472.48
ORD-2558,22-05-2024,26-05-2024,CUST-57,PROD-46,35098,1,0.16,350.98
ORD-2559,13-05-2023,17-05-2023,CUST-141,PROD-17,16311,6,0.14,163.11
ORD-2560,27-07-2022,31-07-2022,CUST-69,PROD-26,37835,8,0.12,1135.05
ORD-2561,09-10-2023,12-10-2023,CUST-104,PROD-4,27555,2,0.2,1377.75
ORD-2562,14-07-2023,16-07-2023,CUST-39,PROD-3,41868,5,0.17,837.36
ORD-2563,08-12-2024,11-12-2024,CUST-5,PROD-36,32742,2,0.04,3601.62
ORD-2564,05-06-2022,07-06-2022,CUST-123,PROD-37,29959,1,0.29,4194.26
ORD-2565,20-04-2022,24-04-2022,CUST-75,PROD-37,16392,9,0.17,327.84
ORD-2566,06-07-2022,10-07-2022,CUST-75,PROD-50,22837,2,0.29,3197.18
ORD-2567,13-02-2023,16-02-2023,CUST-6,PROD-16,38032,3,0.23,3042.56
ORD-2568,06-02-2023,09-02-2023,CUST-20,PROD-3,23717,3,0.06,2134.53
ORD-2569,20-07-2024,22-07-2024,CUST-67,PROD-50,19855,6,0,2978.25
ORD-2570,27-01-2023,31-01-2023,CUST-28,PROD-33,26845,5,0.19,1073.8
ORD-2571,13-06-2023,17-06-2023,CUST-89,PROD-23,43851,2,0.13,877.02
ORD-2572,13-11-2023,15-11-2023,CUST-172,PROD-37,40041,7,0.11,1601.64
ORD-2573,23-10-2023,26-10-2023,CUST-152,PROD-29,22855,2,0.3,3428.25
ORD-2574,22-12-2023,27-12-2023,CUST-92,PROD-24,46256,2,0.11,1850.24
ORD-2575,09-07-2024,11-07-2024,CUST-150,PROD-23,12714,4,0.08,889.98
ORD-2576,12-12-2023,14-12-2023,CUST-106,PROD-3,30536,2,0.18,916.08
ORD-2577,15-04-2024,17-04-2024,CUST-58,PROD-42,48363,9,0.17,967.26
ORD-2578,10-01-2022,15-01-2022,CUST-83,PROD-29,29811,7,0.1,1490.55
ORD-2579,04-05-2024,06-05-2024,CUST-51,PROD-3,42042,3,0.24,3783.78
ORD-2580,20-12-2023,25-12-2023,CUST-66,PROD-28,40527,4,0.03,4863.24
ORD-2581,12-05-2023,15-05-2023,CUST-157,PROD-33,38899,1,0.17,777.98
ORD-2582,20-04-2023,25-04-2023,CUST-61,PROD-6,23591,4,0.26,2595.01
ORD-2583,07-07-2023,11-07-2023,CUST-95,PROD-38,5117,2,0.09,307.02
ORD-2584,15-11-2023,17-11-2023,CUST-143,PROD-8,24194,5,0.07,1935.52
ORD-2585,17-03-2022,19-03-2022,CUST-22,PROD-10,32145,1,0.25,3214.5
ORD-2586,25-04-2023,30-04-2023,CUST-199,PROD-13,4907,9,0.17,98.14
ORD-2587,28-03-2023,31-03-2023,CUST-175,PROD-32,18781,6,0,2817.15
ORD-2588,10-02-2023,12-02-2023,CUST-183,PROD-22,2171,4,0.16,21.71
ORD-2589,10-08-2024,15-08-2024,CUST-186,PROD-38,24892,5,0.01,3484.88
ORD-2590,09-06-2024,12-06-2024,CUST-188,PROD-48,38942,2,0.22,2725.94
ORD-2591,08-10-2023,13-10-2023,CUST-76,PROD-8,41219,6,0.18,1236.57
ORD-2592,20-08-2022,25-08-2022,CUST-158,PROD-24,46936,9,0.21,2816.16
ORD-2593,15-01-2024,19-01-2024,CUST-33,PROD-11,27949,4,0.18,838.47
ORD-2594,13-03-2022,16-03-2022,CUST-23,PROD-29,13699,1,0.08,958.93
ORD-2595,29-04-2024,02-05-2024,CUST-50,PROD-15,9200,1,0.06,828
ORD-2596,26-03-2023,29-03-2023,CUST-198,PROD-23,4089,10,0.28,531.57
ORD-2597,14-10-2024,16-10-2024,CUST-147,PROD-8,45738,7,0.04,5031.18
ORD-2598,24-05-2022,27-05-2022,CUST-83,PROD-36,23309,9,0.13,466.18
ORD-2599,10-03-2024,12-03-2024,CUST-148,PROD-22,31052,5,0.26,3415.72
ORD-2600,20-12-2022,22-12-2022,CUST-51,PROD-2,18778,9,0.07,1502.24
ORD-2601,01-01-2022,06-01-2022,CUST-1,PROD-6,20684,6,0.24,1861.56
ORD-2602,21-09-2023,23-09-2023,CUST-135,PROD-3,26736,9,0.02,3475.68
ORD-2603,16-03-2023,21-03-2023,CUST-186,PROD-50,22658,10,0.25,2265.8
ORD-2604,01-10-2022,04-10-2022,CUST-180,PROD-32,12184,8,0.29,1705.76
ORD-2605,02-08-2024,05-08-2024,CUST-123,PROD-47,11302,2,0.02,1469.26
ORD-2606,04-07-2024,06-07-2024,CUST-68,PROD-36,16427,6,0.19,657.08
ORD-2607,13-12-2023,17-12-2023,CUST-71,PROD-17,27460,9,0.16,274.6
ORD-2608,17-07-2024,21-07-2024,CUST-188,PROD-23,43837,7,0.28,5698.81
ORD-2609,01-08-2024,05-08-2024,CUST-123,PROD-5,43390,9,0.27,5206.8
ORD-2610,20-11-2024,23-11-2024,CUST-127,PROD-24,37168,1,0.09,2230.08
ORD-2611,14-09-2022,19-09-2022,CUST-140,PROD-31,22709,9,0.16,227.09
ORD-2612,10-06-2024,13-06-2024,CUST-37,PROD-46,26277,2,0.12,788.31
ORD-2613,14-06-2023,18-06-2023,CUST-184,PROD-37,17193,9,0.11,687.72
ORD-2614,30-11-2024,04-12-2024,CUST-176,PROD-38,14711,2,0.17,294.22
ORD-2615,02-02-2023,04-02-2023,CUST-10,PROD-2,27894,6,0.15,0
ORD-2616,27-05-2022,31-05-2022,CUST-86,PROD-22,6223,6,0.01,871.22
ORD-2617,23-12-2024,25-12-2024,CUST-162,PROD-19,13573,9,0.03,1628.76
ORD-2618,08-09-2023,13-09-2023,CUST-81,PROD-42,22382,8,0.27,2685.84
ORD-2619,29-12-2023,02-01-2024,CUST-178,PROD-27,33450,1,0.15,0
ORD-2620,19-05-2023,22-05-2023,CUST-76,PROD-24,32444,10,0.17,648.88
ORD-2621,06-10-2023,10-10-2023,CUST-135,PROD-1,28910,5,0.12,867.3
ORD-2622,01-02-2024,03-02-2024,CUST-16,PROD-39,35985,4,0.22,2518.95
ORD-2623,19-11-2023,24-11-2023,CUST-141,PROD-19,4252,2,0.23,340.16
ORD-2624,24-08-2024,26-08-2024,CUST-170,PROD-33,21674,2,0.23,1733.92
ORD-2625,01-07-2024,06-07-2024,CUST-63,PROD-2,1337,6,0.07,106.96
ORD-2626,01-12-2022,05-12-2022,CUST-40,PROD-37,32501,5,0.25,3250.1
ORD-2627,11-07-2023,16-07-2023,CUST-8,PROD-43,44198,9,0.29,6187.72
ORD-2628,17-05-2023,22-05-2023,CUST-151,PROD-41,15244,2,0.01,2134.16
ORD-2629,05-04-2022,07-04-2022,CUST-102,PROD-28,22621,1,0.02,2940.73
ORD-2630,23-05-2024,26-05-2024,CUST-187,PROD-20,44925,4,0.27,5391
ORD-2631,18-10-2024,23-10-2024,CUST-70,PROD-21,33706,10,0.08,2359.42
ORD-2632,05-09-2024,07-09-2024,CUST-7,PROD-23,12154,1,0.05,1215.4
ORD-2633,23-09-2024,25-09-2024,CUST-65,PROD-37,18195,4,0.09,1091.7
ORD-2634,05-12-2022,08-12-2022,CUST-53,PROD-10,12952,4,0.04,1424.72
ORD-2635,20-10-2023,23-10-2023,CUST-18,PROD-10,30872,8,0.3,4630.8
ORD-2636,20-04-2023,22-04-2023,CUST-155,PROD-6,14820,10,0.14,148.2
ORD-2637,02-01-2023,06-01-2023,CUST-127,PROD-8,11331,6,0.19,453.24
ORD-2638,11-10-2024,15-10-2024,CUST-101,PROD-41,40133,3,0.18,1203.99
ORD-2639,25-12-2024,28-12-2024,CUST-3,PROD-48,14473,10,0.04,1592.03
ORD-2640,31-08-2022,04-09-2022,CUST-198,PROD-43,34471,2,0.07,2757.68
ORD-2641,24-06-2022,28-06-2022,CUST-78,PROD-19,3494,3,0.2,174.7
ORD-2642,13-05-2022,17-05-2022,CUST-112,PROD-20,9084,3,0.22,635.88
ORD-2643,06-07-2023,09-07-2023,CUST-133,PROD-16,19945,4,0.29,2792.3
ORD-2644,16-01-2024,20-01-2024,CUST-185,PROD-30,4236,2,0.15,0
ORD-2645,24-09-2024,26-09-2024,CUST-154,PROD-44,32638,10,0.13,652.76
ORD-2646,25-04-2024,27-04-2024,CUST-47,PROD-36,7043,5,0.12,211.29
ORD-2647,29-12-2023,01-01-2024,CUST-160,PROD-28,10519,2,0.29,1472.66
ORD-2648,24-05-2024,28-05-2024,CUST-92,PROD-44,34003,5,0.02,4420.39
ORD-2649,13-03-2022,16-03-2022,CUST-47,PROD-40,33770,8,0.24,3039.3
ORD-2650,12-02-2022,16-02-2022,CUST-89,PROD-40,17843,8,0.14,178.43
ORD-2651,22-01-2024,25-01-2024,CUST-27,PROD-40,6595,1,0.18,197.85
ORD-2652,14-10-2023,16-10-2023,CUST-160,PROD-1,29162,2,0.1,1458.1
ORD-2653,27-09-2023,02-10-2023,CUST-107,PROD-21,19485,3,0.13,389.7
ORD-2654,10-03-2023,12-03-2023,CUST-131,PROD-6,37081,5,0.2,1854.05
ORD-2655,21-02-2023,23-02-2023,CUST-166,PROD-23,32938,7,0.11,1317.52
ORD-2656,14-03-2022,19-03-2022,CUST-56,PROD-40,37794,1,0.17,755.88
ORD-2657,09-12-2022,14-12-2022,CUST-12,PROD-39,30796,10,0.29,4311.44
ORD-2658,20-11-2024,24-11-2024,CUST-26,PROD-37,29775,2,0.06,2679.75
ORD-2659,05-08-2022,08-08-2022,CUST-183,PROD-1,35964,4,0.1,1798.2
ORD-2660,02-02-2022,04-02-2022,CUST-154,PROD-26,12978,9,0.04,1427.58
ORD-2661,27-01-2024,31-01-2024,CUST-178,PROD-35,49567,4,0.28,6443.71
ORD-2662,20-10-2022,25-10-2022,CUST-15,PROD-49,46359,2,0.28,6026.67
ORD-2663,15-09-2022,19-09-2022,CUST-94,PROD-1,19909,3,0.09,1194.54
ORD-2664,18-05-2023,22-05-2023,CUST-159,PROD-24,7193,2,0.28,935.09
ORD-2665,11-07-2022,14-07-2022,CUST-196,PROD-2,29518,1,0.21,1771.08
ORD-2666,10-11-2024,13-11-2024,CUST-134,PROD-49,36690,1,0.11,1467.6
ORD-2667,12-04-2024,17-04-2024,CUST-181,PROD-29,2775,4,0,416.25
ORD-2668,18-11-2023,21-11-2023,CUST-144,PROD-33,4730,7,0.12,141.9
ORD-2669,04-11-2023,09-11-2023,CUST-199,PROD-14,37195,7,0.23,2975.6
ORD-2670,21-02-2024,23-02-2024,CUST-161,PROD-28,44716,8,0.2,2235.8
ORD-2671,06-04-2023,10-04-2023,CUST-31,PROD-48,22417,6,0.08,1569.19
ORD-2672,16-01-2024,19-01-2024,CUST-179,PROD-2,14708,8,0.2,735.4
ORD-2673,30-01-2023,02-02-2023,CUST-119,PROD-8,40199,1,0.07,3215.92
ORD-2674,16-11-2022,21-11-2022,CUST-163,PROD-43,3116,4,0.12,93.48
ORD-2675,12-07-2023,16-07-2023,CUST-139,PROD-11,9482,3,0.13,189.64
ORD-2676,10-02-2024,15-02-2024,CUST-83,PROD-1,2361,8,0.26,259.71
ORD-2677,02-09-2024,04-09-2024,CUST-148,PROD-17,4785,7,0.3,717.75
ORD-2678,27-02-2024,01-03-2024,CUST-39,PROD-37,8908,8,0.24,801.72
ORD-2679,04-08-2023,07-08-2023,CUST-93,PROD-38,10210,3,0.05,1021
ORD-2680,12-06-2023,17-06-2023,CUST-169,PROD-39,31161,4,0.03,3739.32
ORD-2681,25-06-2022,30-06-2022,CUST-130,PROD-19,32414,2,0.07,2593.12
ORD-2682,10-09-2024,15-09-2024,CUST-140,PROD-17,10143,5,0.29,1420.02
ORD-2683,07-11-2022,09-11-2022,CUST-58,PROD-15,30653,5,0.08,2145.71
ORD-2684,05-03-2024,10-03-2024,CUST-18,PROD-12,20119,2,0.1,1005.95
ORD-2685,22-09-2023,24-09-2023,CUST-137,PROD-2,29098,6,0.2,1454.9
ORD-2686,18-07-2022,21-07-2022,CUST-89,PROD-17,23198,9,0.24,2087.82
ORD-2687,30-09-2024,02-10-2024,CUST-174,PROD-22,3826,6,0.11,153.04
ORD-2688,08-07-2023,12-07-2023,CUST-198,PROD-42,38935,2,0.06,3504.15
ORD-2689,18-09-2022,21-09-2022,CUST-111,PROD-16,13606,9,0.15,0
ORD-2690,29-11-2023,01-12-2023,CUST-82,PROD-6,41777,7,0.06,3759.93
ORD-2691,14-01-2023,16-01-2023,CUST-3,PROD-45,2991,3,0.01,418.74
ORD-2692,09-05-2024,13-05-2024,CUST-60,PROD-5,13067,4,0.15,0
ORD-2693,03-05-2022,05-05-2022,CUST-86,PROD-1,35670,4,0.08,2496.9
ORD-2694,08-09-2023,13-09-2023,CUST-21,PROD-9,14817,7,0.08,1037.19
ORD-2695,21-06-2022,24-06-2022,CUST-18,PROD-33,29040,9,0.27,3484.8
ORD-2696,12-03-2024,17-03-2024,CUST-143,PROD-2,20623,3,0.02,2680.99
ORD-2697,07-08-2023,11-08-2023,CUST-72,PROD-6,15304,6,0.1,765.2
ORD-2698,25-02-2024,27-02-2024,CUST-4,PROD-39,4637,2,0.28,602.81
ORD-2699,30-11-2023,03-12-2023,CUST-57,PROD-34,20787,6,0.02,2702.31
ORD-2700,04-08-2023,09-08-2023,CUST-182,PROD-31,42201,4,0.3,6330.15
ORD-2701,22-04-2022,26-04-2022,CUST-109,PROD-12,6578,3,0.04,723.58
ORD-2702,12-07-2024,16-07-2024,CUST-142,PROD-14,5987,6,0.2,299.35
ORD-2703,24-04-2022,27-04-2022,CUST-134,PROD-25,3943,6,0.16,39.43
ORD-2704,08-11-2022,12-11-2022,CUST-87,PROD-40,49411,7,0.07,3952.88
ORD-2705,24-04-2023,26-04-2023,CUST-21,PROD-36,21715,4,0,3257.25
ORD-2706,09-10-2024,14-10-2024,CUST-188,PROD-42,25937,7,0.06,2334.33
ORD-2707,25-03-2023,27-03-2023,CUST-169,PROD-33,25938,1,0.2,1296.9
ORD-2708,23-01-2023,25-01-2023,CUST-15,PROD-4,22954,7,0.02,2984.02
ORD-2709,06-01-2024,11-01-2024,CUST-71,PROD-39,17607,6,0.24,1584.63
ORD-2710,03-06-2022,08-06-2022,CUST-37,PROD-24,7059,4,0.07,564.72
ORD-2711,02-01-2022,05-01-2022,CUST-166,PROD-35,18729,2,0.2,936.45
ORD-2712,28-03-2022,02-04-2022,CUST-64,PROD-33,6459,2,0.1,322.95
ORD-2713,05-08-2024,09-08-2024,CUST-76,PROD-37,1457,8,0.14,14.57
ORD-2714,12-01-2022,15-01-2022,CUST-30,PROD-12,47018,5,0.29,6582.52
ORD-2715,17-01-2022,21-01-2022,CUST-18,PROD-40,49031,2,0.19,1961.24
ORD-2716,12-07-2023,16-07-2023,CUST-23,PROD-6,18734,1,0.23,1498.72
ORD-2717,03-04-2022,08-04-2022,CUST-23,PROD-25,46833,8,0.04,5151.63
ORD-2718,02-06-2024,04-06-2024,CUST-200,PROD-44,15258,1,0.29,2136.12
ORD-2719,29-02-2024,02-03-2024,CUST-95,PROD-41,8457,2,0.07,676.56
ORD-2720,22-05-2022,25-05-2022,CUST-107,PROD-19,31075,6,0.25,3107.5
ORD-2721,27-08-2023,30-08-2023,CUST-105,PROD-48,26469,8,0.01,3705.66
ORD-2722,22-10-2023,24-10-2023,CUST-66,PROD-34,16871,4,0.21,1012.26
ORD-2723,29-04-2024,03-05-2024,CUST-37,PROD-29,4369,1,0.16,43.69
ORD-2724,03-10-2024,06-10-2024,CUST-117,PROD-42,9075,2,0.22,635.25
ORD-2725,13-04-2023,15-04-2023,CUST-171,PROD-42,19702,3,0.29,2758.28
ORD-2726,08-10-2022,11-10-2022,CUST-159,PROD-25,45626,2,0.3,6843.9
ORD-2727,19-09-2022,22-09-2022,CUST-70,PROD-37,16579,3,0.04,1823.69
ORD-2728,11-12-2023,13-12-2023,CUST-84,PROD-40,7863,8,0.08,550.41
ORD-2729,19-01-2024,24-01-2024,CUST-11,PROD-19,35460,6,0.29,4964.4
ORD-2730,04-02-2024,07-02-2024,CUST-111,PROD-22,36676,10,0.03,4401.12
ORD-2731,18-07-2023,23-07-2023,CUST-39,PROD-42,11933,3,0.1,596.65
ORD-2732,30-06-2023,05-07-2023,CUST-174,PROD-43,27408,2,0.21,1644.48
ORD-2733,23-05-2023,28-05-2023,CUST-3,PROD-50,23978,3,0.19,959.12
ORD-2734,12-11-2024,17-11-2024,CUST-190,PROD-2,1053,8,0.29,147.42
ORD-2735,10-09-2022,13-09-2022,CUST-189,PROD-29,24542,4,0.13,490.84
ORD-2736,14-12-2022,16-12-2022,CUST-101,PROD-43,12840,4,0.08,898.8
ORD-2737,19-07-2023,23-07-2023,CUST-93,PROD-22,28985,2,0.25,2898.5
ORD-2738,17-01-2023,19-01-2023,CUST-9,PROD-8,5729,9,0.3,859.35
ORD-2739,05-06-2022,10-06-2022,CUST-43,PROD-37,35965,2,0.16,359.65
ORD-2740,26-02-2022,03-03-2022,CUST-167,PROD-38,9283,5,0.22,649.81
ORD-2741,14-01-2024,19-01-2024,CUST-48,PROD-44,33728,9,0.03,4047.36
ORD-2742,28-01-2023,31-01-2023,CUST-79,PROD-11,23989,9,0.25,2398.9
ORD-2743,08-10-2022,13-10-2022,CUST-89,PROD-39,48295,10,0,7244.25
ORD-2744,10-02-2023,14-02-2023,CUST-158,PROD-46,28067,5,0.15,0
ORD-2745,19-09-2024,23-09-2024,CUST-79,PROD-8,15234,2,0.16,152.34
ORD-2746,30-07-2022,01-08-2022,CUST-108,PROD-5,8707,8,0.06,783.63
ORD-2747,11-04-2024,15-04-2024,CUST-96,PROD-13,23511,4,0.1,1175.55
ORD-2748,31-01-2022,02-02-2022,CUST-96,PROD-10,32420,10,0.08,2269.4
ORD-2749,05-08-2023,07-08-2023,CUST-58,PROD-30,33457,5,0.15,0
ORD-2750,11-05-2022,13-05-2022,CUST-66,PROD-30,37273,7,0.05,3727.3
ORD-2751,22-05-2024,24-05-2024,CUST-140,PROD-25,34417,4,0.13,688.34
ORD-2752,15-11-2023,19-11-2023,CUST-128,PROD-23,33057,4,0.29,4627.98
ORD-2753,16-07-2024,20-07-2024,CUST-149,PROD-10,5098,6,0.18,152.94
ORD-2754,12-06-2022,15-06-2022,CUST-152,PROD-12,20346,6,0.11,813.84
ORD-2755,26-03-2022,31-03-2022,CUST-25,PROD-8,2855,1,0.02,371.15
ORD-2756,13-12-2023,15-12-2023,CUST-20,PROD-28,3912,5,0.29,547.68
ORD-2757,03-05-2023,06-05-2023,CUST-79,PROD-13,26700,3,0.18,801
ORD-2758,01-05-2024,04-05-2024,CUST-64,PROD-41,11043,6,0.21,662.58
ORD-2759,19-06-2023,24-06-2023,CUST-120,PROD-41,3656,9,0.26,402.16
ORD-2760,01-02-2022,06-02-2022,CUST-60,PROD-45,48911,10,0.15,0
ORD-2761,25-10-2022,29-10-2022,CUST-174,PROD-45,36416,4,0.03,4369.92
ORD-2762,16-11-2023,18-11-2023,CUST-100,PROD-6,8512,2,0.07,680.96
ORD-2763,01-06-2023,03-06-2023,CUST-71,PROD-47,23105,1,0.22,1617.35
ORD-2764,09-03-2024,12-03-2024,CUST-134,PROD-33,31702,8,0.28,4121.26
ORD-2765,24-10-2024,29-10-2024,CUST-77,PROD-38,36121,9,0.2,1806.05
ORD-2766,07-10-2022,12-10-2022,CUST-82,PROD-16,34228,1,0.07,2738.24
ORD-2767,04-01-2022,07-01-2022,CUST-138,PROD-30,20861,7,0.2,1043.05
ORD-2768,13-07-2023,16-07-2023,CUST-193,PROD-9,44043,5,0.09,2642.58
ORD-2769,14-09-2022,18-09-2022,CUST-171,PROD-33,5411,5,0.09,324.66
ORD-2770,25-09-2024,28-09-2024,CUST-170,PROD-7,25365,7,0.04,2790.15
ORD-2771,22-12-2023,25-12-2023,CUST-54,PROD-6,1480,6,0.18,44.4
ORD-2772,03-01-2022,06-01-2022,CUST-31,PROD-2,17762,9,0.01,2486.68
ORD-2773,29-12-2024,02-01-2025,CUST-22,PROD-14,12777,3,0.27,1533.24
ORD-2774,24-05-2022,26-05-2022,CUST-191,PROD-1,35542,3,0.03,4265.04
ORD-2775,08-01-2022,13-01-2022,CUST-54,PROD-30,43475,4,0.03,5217
ORD-2776,02-10-2022,07-10-2022,CUST-197,PROD-28,21006,8,0.24,1890.54
ORD-2777,26-07-2024,31-07-2024,CUST-30,PROD-42,29852,3,0.12,895.56
ORD-2778,07-02-2024,12-02-2024,CUST-81,PROD-26,21779,10,0.27,2613.48
ORD-2779,05-08-2023,10-08-2023,CUST-152,PROD-38,17469,7,0.22,1222.83
ORD-2780,03-09-2022,06-09-2022,CUST-7,PROD-2,22445,9,0.08,1571.15
ORD-2781,11-09-2024,13-09-2024,CUST-134,PROD-47,26394,3,0.3,3959.1
ORD-2782,11-06-2022,15-06-2022,CUST-155,PROD-25,13588,10,0.02,1766.44
ORD-2783,07-05-2022,11-05-2022,CUST-155,PROD-35,41132,3,0.08,2879.24
ORD-2784,12-08-2023,15-08-2023,CUST-124,PROD-5,45189,7,0.29,6326.46
ORD-2785,03-11-2022,06-11-2022,CUST-51,PROD-8,46134,6,0.2,2306.7
ORD-2786,10-10-2024,12-10-2024,CUST-80,PROD-43,26663,8,0.23,2133.04
ORD-2787,11-11-2024,16-11-2024,CUST-85,PROD-42,26297,10,0.17,525.94
ORD-2788,31-10-2024,02-11-2024,CUST-47,PROD-1,4619,8,0.15,0
ORD-2789,08-02-2022,10-02-2022,CUST-118,PROD-4,22014,4,0.27,2641.68
ORD-2790,23-05-2022,28-05-2022,CUST-34,PROD-17,4654,5,0.04,511.94
ORD-2791,27-03-2022,31-03-2022,CUST-82,PROD-14,21965,10,0.21,1317.9
ORD-2792,03-09-2024,08-09-2024,CUST-145,PROD-4,34210,2,0.19,1368.4
ORD-2793,15-02-2024,19-02-2024,CUST-200,PROD-14,19968,6,0.02,2595.84
ORD-2794,02-11-2022,05-11-2022,CUST-185,PROD-26,5636,6,0.3,845.4
ORD-2795,31-10-2022,02-11-2022,CUST-173,PROD-41,46812,5,0.18,1404.36
ORD-2796,07-01-2024,10-01-2024,CUST-151,PROD-1,5207,4,0.21,312.42
ORD-2797,03-11-2024,05-11-2024,CUST-21,PROD-29,37416,8,0.19,1496.64
ORD-2798,11-02-2024,13-02-2024,CUST-48,PROD-39,45035,6,0.1,2251.75
ORD-2799,09-11-2022,14-11-2022,CUST-123,PROD-49,34784,9,0.03,4174.08
ORD-2800,17-09-2023,22-09-2023,CUST-93,PROD-23,32177,10,0.13,643.54
ORD-2801,06-12-2022,11-12-2022,CUST-131,PROD-34,20757,9,0.21,1245.42
ORD-2802,24-06-2022,27-06-2022,CUST-181,PROD-37,49959,4,0.09,2997.54
ORD-2803,06-10-2023,09-10-2023,CUST-44,PROD-25,40617,6,0.11,1624.68
ORD-2804,03-03-2024,05-03-2024,CUST-141,PROD-46,31269,5,0.16,312.69
ORD-2805,08-09-2022,11-09-2022,CUST-182,PROD-45,33333,7,0.07,2666.64
ORD-2806,05-08-2024,08-08-2024,CUST-72,PROD-28,35549,1,0.2,1777.45
ORD-2807,08-08-2023,11-08-2023,CUST-63,PROD-31,27345,1,0.05,2734.5
ORD-2808,17-06-2022,21-06-2022,CUST-10,PROD-2,33358,1,0.18,1000.74
ORD-2809,06-08-2022,09-08-2022,CUST-4,PROD-17,15266,1,0.17,305.32
ORD-2810,20-02-2022,25-02-2022,CUST-37,PROD-1,38713,8,0.03,4645.56
ORD-2811,09-05-2023,11-05-2023,CUST-28,PROD-19,49830,5,0.2,2491.5
ORD-2812,20-09-2022,22-09-2022,CUST-104,PROD-15,7479,8,0.15,0
ORD-2813,07-12-2023,09-12-2023,CUST-133,PROD-17,35467,8,0.13,709.34
ORD-2814,12-05-2022,17-05-2022,CUST-22,PROD-49,12854,7,0.06,1156.86
ORD-2815,14-04-2022,17-04-2022,CUST-40,PROD-14,4651,3,0.04,511.61
ORD-2816,06-11-2023,09-11-2023,CUST-141,PROD-28,48826,2,0.25,4882.6
ORD-2817,03-08-2024,08-08-2024,CUST-103,PROD-33,37751,5,0.13,755.02
ORD-2818,11-09-2024,16-09-2024,CUST-200,PROD-12,7562,9,0.01,1058.68
ORD-2819,14-12-2023,18-12-2023,CUST-145,PROD-7,11413,6,0,1711.95
ORD-2820,18-07-2022,23-07-2022,CUST-86,PROD-40,22931,2,0.22,1605.17
ORD-2821,29-11-2023,02-12-2023,CUST-161,PROD-1,10291,1,0.09,617.46
ORD-2822,16-08-2022,18-08-2022,CUST-35,PROD-1,45097,8,0.21,2705.82
ORD-2823,13-11-2022,15-11-2022,CUST-134,PROD-16,15816,9,0.11,632.64
ORD-2824,26-08-2023,28-08-2023,CUST-1,PROD-38,33520,2,0.19,1340.8
ORD-2825,02-07-2022,06-07-2022,CUST-113,PROD-49,6790,2,0.23,543.2
ORD-2826,05-12-2022,09-12-2022,CUST-42,PROD-43,29753,10,0.08,2082.71
ORD-2827,17-06-2023,21-06-2023,CUST-140,PROD-24,17470,7,0.2,873.5
ORD-2828,14-04-2024,19-04-2024,CUST-79,PROD-20,33843,4,0.11,1353.72
ORD-2829,31-01-2024,05-02-2024,CUST-199,PROD-44,34532,9,0.06,3107.88
ORD-2830,05-01-2022,09-01-2022,CUST-23,PROD-13,4547,10,0.13,90.94
ORD-2831,02-02-2024,04-02-2024,CUST-170,PROD-46,24169,10,0.09,1450.14
ORD-2832,11-09-2024,13-09-2024,CUST-190,PROD-33,39480,1,0.29,5527.2
ORD-2833,26-03-2023,28-03-2023,CUST-119,PROD-12,38118,5,0.16,381.18
ORD-2834,21-04-2023,26-04-2023,CUST-25,PROD-26,17382,9,0.26,1912.02
ORD-2835,11-12-2023,14-12-2023,CUST-106,PROD-18,4428,2,0.16,44.28
ORD-2836,21-08-2024,26-08-2024,CUST-32,PROD-47,37031,9,0.3,5554.65
ORD-2837,16-11-2024,18-11-2024,CUST-198,PROD-28,19478,3,0.22,1363.46
ORD-2838,29-10-2022,01-11-2022,CUST-66,PROD-4,41796,4,0.17,835.92
ORD-2839,11-05-2023,16-05-2023,CUST-13,PROD-22,37131,8,0.27,4455.72
ORD-2840,25-11-2023,29-11-2023,CUST-55,PROD-37,45407,4,0.13,908.14
ORD-2841,23-07-2024,28-07-2024,CUST-144,PROD-12,11271,9,0.1,563.55
ORD-2842,31-08-2022,02-09-2022,CUST-135,PROD-35,37090,1,0,5563.5
ORD-2843,14-05-2024,18-05-2024,CUST-136,PROD-37,45667,3,0.14,456.67
ORD-2844,22-12-2024,24-12-2024,CUST-25,PROD-14,21296,4,0,3194.4
ORD-2845,08-02-2023,10-02-2023,CUST-42,PROD-7,28557,9,0.13,571.14
ORD-2846,26-07-2022,31-07-2022,CUST-2,PROD-21,44517,8,0.02,5787.21
ORD-2847,11-08-2022,13-08-2022,CUST-155,PROD-10,41504,6,0.04,4565.44
ORD-2848,15-04-2024,20-04-2024,CUST-23,PROD-16,24603,7,0.13,492.06
ORD-2849,07-06-2023,09-06-2023,CUST-160,PROD-43,23706,7,0.03,2844.72
ORD-2850,13-04-2023,17-04-2023,CUST-14,PROD-12,34217,8,0.3,5132.55
ORD-2851,15-10-2022,18-10-2022,CUST-173,PROD-24,44171,8,0.03,5300.52
ORD-2852,17-03-2023,22-03-2023,CUST-51,PROD-28,17357,5,0.16,173.57
ORD-2853,31-05-2022,04-06-2022,CUST-5,PROD-13,16247,7,0.26,1787.17
ORD-2854,22-04-2022,24-04-2022,CUST-19,PROD-49,36996,4,0.13,739.92
ORD-2855,30-08-2022,01-09-2022,CUST-129,PROD-13,15815,4,0.16,158.15
ORD-2856,09-07-2022,11-07-2022,CUST-88,PROD-34,7228,7,0.19,289.12
ORD-2857,08-05-2022,10-05-2022,CUST-30,PROD-12,48166,4,0.18,1444.98
ORD-2858,14-08-2024,19-08-2024,CUST-75,PROD-27,31672,5,0.13,633.44
ORD-2859,24-04-2022,29-04-2022,CUST-10,PROD-11,37723,8,0.11,1508.92
ORD-2860,17-01-2024,21-01-2024,CUST-23,PROD-36,2232,2,0.07,178.56
ORD-2861,03-01-2024,05-01-2024,CUST-185,PROD-22,36612,8,0.3,5491.8
ORD-2862,17-02-2023,20-02-2023,CUST-132,PROD-30,46299,3,0.25,4629.9
ORD-2863,24-12-2022,28-12-2022,CUST-56,PROD-22,34489,2,0.25,3448.9
ORD-2864,29-05-2023,31-05-2023,CUST-167,PROD-27,46070,6,0.09,2764.2
ORD-2865,30-07-2022,03-08-2022,CUST-8,PROD-38,26799,7,0.23,2143.92
ORD-2866,02-01-2022,04-01-2022,CUST-126,PROD-20,41675,1,0.3,6251.25
ORD-2867,14-04-2024,19-04-2024,CUST-160,PROD-3,2512,4,0.3,376.8
ORD-2868,13-07-2022,15-07-2022,CUST-138,PROD-1,26956,9,0.09,1617.36
ORD-2869,11-08-2023,15-08-2023,CUST-98,PROD-32,21486,3,0.26,2363.46
ORD-2870,23-10-2022,26-10-2022,CUST-122,PROD-17,35545,1,0.29,4976.3
ORD-2871,26-04-2022,01-05-2022,CUST-145,PROD-17,33234,7,0.21,1994.04
ORD-2872,18-01-2022,23-01-2022,CUST-57,PROD-27,2846,8,0.19,113.84
ORD-2873,11-08-2024,16-08-2024,CUST-77,PROD-13,21848,3,0,3277.2
ORD-2874,19-11-2022,23-11-2022,CUST-2,PROD-5,35683,10,0.03,4281.96
ORD-2875,17-07-2023,20-07-2023,CUST-51,PROD-24,17031,1,0.11,681.24
ORD-2876,12-02-2024,17-02-2024,CUST-186,PROD-15,12225,6,0.17,244.5
ORD-2877,26-10-2023,29-10-2023,CUST-63,PROD-35,13862,4,0.1,693.1
ORD-2878,10-05-2024,12-05-2024,CUST-141,PROD-22,47546,9,0.1,2377.3
ORD-2879,03-08-2022,05-08-2022,CUST-181,PROD-26,12964,4,0.22,907.48
ORD-2880,09-10-2023,14-10-2023,CUST-70,PROD-8,11150,9,0.2,557.5
ORD-2881,26-04-2023,30-04-2023,CUST-36,PROD-2,22199,6,0.22,1553.93
ORD-2882,11-06-2024,16-06-2024,CUST-68,PROD-48,1052,1,0.22,73.64
ORD-2883,15-12-2023,20-12-2023,CUST-104,PROD-46,42186,1,0.08,2953.02
ORD-2884,13-02-2022,15-02-2022,CUST-115,PROD-39,4335,8,0.21,260.1
ORD-2885,07-11-2024,10-11-2024,CUST-125,PROD-36,1028,10,0.08,71.96
ORD-2886,12-05-2023,16-05-2023,CUST-18,PROD-40,44483,8,0.29,6227.62
ORD-2887,13-04-2023,17-04-2023,CUST-123,PROD-3,3430,3,0.12,102.9
ORD-2888,28-07-2023,30-07-2023,CUST-83,PROD-40,47765,5,0.19,1910.6
ORD-2889,06-12-2023,08-12-2023,CUST-89,PROD-28,13098,2,0.16,130.98
ORD-2890,05-11-2024,08-11-2024,CUST-188,PROD-10,10530,8,0.21,631.8
ORD-2891,16-04-2024,19-04-2024,CUST-143,PROD-33,13722,9,0.25,1372.2
ORD-2892,27-03-2023,29-03-2023,CUST-194,PROD-38,10312,3,0.13,206.24
ORD-2893,09-09-2022,14-09-2022,CUST-138,PROD-4,32642,1,0.03,3917.04
ORD-2894,03-11-2023,06-11-2023,CUST-108,PROD-21,36518,6,0.04,4016.98
ORD-2895,09-12-2023,14-12-2023,CUST-33,PROD-17,47272,7,0.3,7090.8
ORD-2896,16-04-2022,20-04-2022,CUST-168,PROD-36,20329,4,0.13,406.58
ORD-2897,23-01-2024,25-01-2024,CUST-5,PROD-4,20241,6,0.04,2226.51
ORD-2898,14-04-2022,18-04-2022,CUST-180,PROD-12,31197,4,0.14,311.97
ORD-2899,15-01-2024,19-01-2024,CUST-155,PROD-49,42328,7,0.11,1693.12
ORD-2900,11-09-2024,15-09-2024,CUST-110,PROD-31,47654,8,0.22,3335.78
ORD-2901,02-08-2023,07-08-2023,CUST-53,PROD-9,14739,2,0.18,442.17
ORD-2902,19-07-2023,24-07-2023,CUST-27,PROD-11,9116,4,0.02,1185.08
ORD-2903,17-02-2024,22-02-2024,CUST-183,PROD-8,9554,3,0.28,1242.02
ORD-2904,06-08-2022,08-08-2022,CUST-88,PROD-17,26281,7,0.16,262.81
ORD-2905,22-08-2023,24-08-2023,CUST-27,PROD-5,17622,5,0.11,704.88
ORD-2906,25-05-2024,27-05-2024,CUST-168,PROD-36,20579,7,0.16,205.79
ORD-2907,08-04-2023,12-04-2023,CUST-152,PROD-33,24693,10,0.21,1481.58
ORD-2908,12-12-2022,16-12-2022,CUST-78,PROD-5,48812,8,0.1,2440.6
ORD-2909,10-04-2024,12-04-2024,CUST-39,PROD-5,18021,8,0.19,720.84
ORD-2910,02-07-2024,04-07-2024,CUST-69,PROD-13,19125,7,0.05,1912.5
ORD-2911,31-03-2022,02-04-2022,CUST-66,PROD-2,24706,6,0.18,741.18
ORD-2912,24-07-2023,27-07-2023,CUST-102,PROD-40,12192,4,0.05,1219.2
ORD-2913,21-10-2023,24-10-2023,CUST-75,PROD-19,21633,4,0.22,1514.31
ORD-2914,04-08-2024,08-08-2024,CUST-124,PROD-35,22011,10,0.05,2201.1
ORD-2915,15-01-2023,20-01-2023,CUST-168,PROD-46,11115,9,0.2,555.75
ORD-2916,13-04-2023,18-04-2023,CUST-13,PROD-34,9840,6,0.01,1377.6
ORD-2917,05-08-2024,10-08-2024,CUST-184,PROD-35,9111,10,0.09,546.66
ORD-2918,04-02-2022,08-02-2022,CUST-143,PROD-38,14655,7,0.26,1612.05
ORD-2919,06-06-2023,10-06-2023,CUST-60,PROD-45,45775,5,0.28,5950.75
ORD-2920,16-06-2024,19-06-2024,CUST-126,PROD-15,21691,4,0.08,1518.37
ORD-2921,04-10-2023,07-10-2023,CUST-28,PROD-37,8858,6,0.3,1328.7
ORD-2922,19-01-2022,22-01-2022,CUST-38,PROD-1,40907,1,0.05,4090.7
ORD-2923,30-08-2023,03-09-2023,CUST-32,PROD-19,42708,1,0.3,6406.2
ORD-2924,25-11-2022,27-11-2022,CUST-111,PROD-3,8328,1,0,1249.2
ORD-2925,01-02-2022,03-02-2022,CUST-61,PROD-15,13464,8,0.09,807.84
ORD-2926,25-07-2023,29-07-2023,CUST-103,PROD-47,38489,2,0.22,2694.23
ORD-2927,09-05-2023,14-05-2023,CUST-192,PROD-17,28021,1,0,4203.15
ORD-2928,07-09-2023,09-09-2023,CUST-185,PROD-33,33745,7,0.06,3037.05
ORD-2929,05-12-2023,10-12-2023,CUST-125,PROD-49,40145,8,0.24,3613.05
ORD-2930,27-06-2022,02-07-2022,CUST-17,PROD-34,38504,3,0.23,3080.32
ORD-2931,16-01-2024,19-01-2024,CUST-9,PROD-30,36442,2,0.11,1457.68
ORD-2932,01-08-2023,03-08-2023,CUST-80,PROD-19,46589,5,0.18,1397.67
ORD-2933,27-09-2022,02-10-2022,CUST-16,PROD-44,21656,3,0.05,2165.6
ORD-2934,30-08-2023,01-09-2023,CUST-114,PROD-26,36723,1,0.06,3305.07
ORD-2935,13-05-2023,15-05-2023,CUST-98,PROD-49,25033,2,0.17,500.66
ORD-2936,17-06-2024,21-06-2024,CUST-177,PROD-11,49095,5,0.1,2454.75
ORD-2937,12-09-2023,16-09-2023,CUST-66,PROD-19,32129,8,0.26,3534.19
ORD-2938,14-05-2024,17-05-2024,CUST-144,PROD-28,11489,9,0.14,114.89
ORD-2939,14-05-2024,17-05-2024,CUST-139,PROD-4,40628,1,0.25,4062.8
ORD-2940,04-01-2024,08-01-2024,CUST-140,PROD-7,47394,2,0.22,3317.58
ORD-2941,04-02-2024,06-02-2024,CUST-14,PROD-42,14547,7,0.13,290.94
ORD-2942,26-07-2024,30-07-2024,CUST-137,PROD-3,39947,8,0.16,399.47
ORD-2943,24-10-2023,29-10-2023,CUST-176,PROD-15,6734,10,0.29,942.76
ORD-2944,05-06-2022,10-06-2022,CUST-190,PROD-24,49784,10,0.08,3484.88
ORD-2945,29-04-2024,03-05-2024,CUST-15,PROD-24,7991,1,0.12,239.73
ORD-2946,18-02-2022,22-02-2022,CUST-108,PROD-35,30467,6,0.22,2132.69
ORD-2947,21-05-2022,23-05-2022,CUST-179,PROD-33,23821,8,0.21,1429.26
ORD-2948,13-06-2023,15-06-2023,CUST-26,PROD-24,37790,7,0.05,3779
ORD-2949,13-04-2023,15-04-2023,CUST-116,PROD-25,42457,8,0.16,424.57
ORD-2950,15-09-2023,20-09-2023,CUST-175,PROD-21,19027,8,0.19,761.08
ORD-2951,31-12-2023,02-01-2024,CUST-178,PROD-12,26115,5,0.19,1044.6
ORD-2952,16-09-2022,19-09-2022,CUST-98,PROD-31,26282,10,0.24,2365.38
ORD-2953,22-01-2022,24-01-2022,CUST-105,PROD-7,22743,4,0.3,3411.45
ORD-2954,21-06-2024,24-06-2024,CUST-167,PROD-29,4210,10,0.14,42.1
ORD-2955,03-12-2022,05-12-2022,CUST-77,PROD-22,27587,1,0.19,1103.48
ORD-2956,13-01-2024,17-01-2024,CUST-38,PROD-11,32115,6,0.1,1605.75
ORD-2957,03-09-2024,06-09-2024,CUST-50,PROD-15,37928,5,0.29,5309.92
ORD-2958,11-11-2024,14-11-2024,CUST-111,PROD-26,12340,9,0.21,740.4
ORD-2959,01-10-2022,04-10-2022,CUST-5,PROD-25,41648,3,0.24,3748.32
ORD-2960,05-05-2022,08-05-2022,CUST-44,PROD-26,24625,7,0.19,985
ORD-2961,18-12-2024,20-12-2024,CUST-137,PROD-40,45688,4,0.08,3198.16
ORD-2962,11-03-2024,16-03-2024,CUST-72,PROD-13,19372,9,0.04,2130.92
ORD-2963,24-06-2022,29-06-2022,CUST-152,PROD-33,3752,10,0.17,75.04
ORD-2964,20-07-2024,22-07-2024,CUST-155,PROD-32,8225,8,0.15,0
ORD-2965,20-11-2024,22-11-2024,CUST-193,PROD-7,10761,5,0.2,538.05
ORD-2966,24-08-2023,28-08-2023,CUST-163,PROD-4,13619,10,0.25,1361.9
ORD-2967,18-11-2022,22-11-2022,CUST-82,PROD-20,30118,10,0.28,3915.34
ORD-2968,15-07-2023,20-07-2023,CUST-20,PROD-24,43815,5,0.12,1314.45
ORD-2969,15-05-2022,19-05-2022,CUST-174,PROD-50,45402,4,0.29,6356.28
ORD-2970,03-11-2024,08-11-2024,CUST-17,PROD-5,43692,2,0.27,5243.04
ORD-2971,26-03-2023,29-03-2023,CUST-25,PROD-42,15864,1,0.15,0
ORD-2972,04-11-2023,08-11-2023,CUST-170,PROD-15,9710,9,0.14,97.1
ORD-2973,23-05-2022,27-05-2022,CUST-182,PROD-39,18831,6,0.27,2259.72
ORD-2974,05-01-2022,10-01-2022,CUST-157,PROD-27,11002,3,0.22,770.14
ORD-2975,19-03-2022,24-03-2022,CUST-200,PROD-16,29633,7,0.19,1185.32
ORD-2976,20-04-2024,24-04-2024,CUST-32,PROD-17,13489,10,0.01,1888.46
ORD-2977,11-03-2024,16-03-2024,CUST-168,PROD-23,31013,2,0.18,930.39
ORD-2978,17-11-2022,19-11-2022,CUST-121,PROD-29,38801,6,0.12,1164.03
ORD-2979,16-12-2022,21-12-2022,CUST-2,PROD-11,15662,1,0.01,2192.68
ORD-2980,28-04-2022,03-05-2022,CUST-21,PROD-46,39757,4,0.05,3975.7
ORD-2981,06-04-2024,11-04-2024,CUST-64,PROD-40,34009,10,0.26,3740.99
ORD-2982,10-04-2022,13-04-2022,CUST-188,PROD-15,1079,3,0.25,107.9
ORD-2983,29-11-2024,01-12-2024,CUST-102,PROD-19,41480,9,0,6222
ORD-2984,26-03-2023,31-03-2023,CUST-5,PROD-6,38742,9,0.29,5423.88
ORD-2985,03-10-2024,07-10-2024,CUST-171,PROD-27,42356,9,0,6353.4
ORD-2986,01-04-2024,06-04-2024,CUST-95,PROD-5,31685,8,0.28,4119.05
ORD-2987,01-06-2022,03-06-2022,CUST-26,PROD-43,26378,10,0.07,2110.24
ORD-2988,11-11-2023,16-11-2023,CUST-121,PROD-8,6169,3,0.3,925.35
ORD-2989,09-09-2024,12-09-2024,CUST-26,PROD-22,36944,10,0.3,5541.6
ORD-2990,10-09-2024,12-09-2024,CUST-24,PROD-44,25704,8,0.19,1028.16
ORD-2991,06-02-2022,09-02-2022,CUST-31,PROD-41,35060,5,0.13,701.2
ORD-2992,25-04-2024,28-04-2024,CUST-169,PROD-30,35128,8,0.1,1756.4
ORD-2993,27-10-2022,29-10-2022,CUST-102,PROD-23,16149,5,0.07,1291.92
ORD-2994,22-09-2023,25-09-2023,CUST-45,PROD-35,42734,4,0,6410.1
ORD-2995,29-04-2024,01-05-2024,CUST-119,PROD-26,19867,7,0.27,2384.04
ORD-2996,13-08-2022,15-08-2022,CUST-193,PROD-15,25124,5,0.04,2763.64
ORD-2997,26-12-2024,28-12-2024,CUST-173,PROD-18,47993,3,0.3,7198.95
ORD-2998,31-01-2024,03-02-2024,CUST-200,PROD-5,22386,9,0.21,1343.16
ORD-2999,17-04-2023,22-04-2023,CUST-140,PROD-8,34101,9,0.07,2728.08
ORD-3000,12-07-2023,15-07-2023,CUST-176,PROD-26,29298,7,0,4394.7
